4991,0.14855234160262776,0.5747146312715693
4378,0.9528363428745636,2.5615824226529305
3246,0.13234245941086353,0.37962432916318445
1693,0.9797133310087967,1.482218935785248
2697,0.4323895122645743,0.44833913317619767
5173,1.0509676237120809,1.7369384922027329
4132,0.24004010229777462,0.29571730312024597
2888,1.3180092827130117,2.1215706316211547
3197,0.5773058577625614,2.2519995424771055
4070,0.9425310114408002,1.9971011577454127
3961,1.0968762411676511,1.1813819310285045
2774,0.6820092205136609,1.6156814812447988
4192,0.7794341134708009,1.6518055791701785
2757,1.429520027754431,1.77205292669503
1694,1.053560655860397,1.482218935785248
5028,0.12328135844729243,0.3027755747635453
2709,0.14699730755537826,1.332113597643983
4025,0.8702421092926681,2.221319224335392
3973,2.9822716984172073e-15,2.0549210731270473
3180,1.1385336523905956,1.8269448933581331
4254,0.8360231801676495,1.0632339672377418
1785,0.5205578959256122,1.1685482269099146
3048,0.4792587262194026,1.478020763686352
5112,0.6997489753371836,1.746297216676319
2706,0.13660340402829033,1.332113597643983
4719,0.19272497149585602,0.758967448041212
3744,0.9185808405469847,1.5970588445849825
3512,0.16466016856850466,0.8903484367483495
3900,0.9028986347487199,1.7823486558510226
3061,0.44764468817586106,1.3851096722766238
2226,0.40614398792288825,0.9207808935898364
2861,0.8829110573353957,1.9019250294099428
4490,1.0624612136637286,1.810665536064875
5171,1.0022412653461794,1.7369384922027329
2869,1.2402440461381212,2.0186690040623483
4401,0.14596963298674215,0.6691970357971302
3100,0.4559114290359791,0.8042404918952236
4279,0.6408398586450157,1.4695490383220107
2714,0.23194101598207775,1.0233679993274358
4242,1.0493496483484974,1.2238621820248747
3390,0.4597150614471152,0.8459100399347699
3650,1.2068748904047122,2.178342059973028
4740,0.19485789770998205,0.0
4625,1.0640501678167134,1.7160898776027664
4301,1.0890613984928432,2.1551179340802435
4807,1.0800619023436953,1.8206947450346587
5147,0.4052222088600881,0.7684621585724001
3762,1.2802208662772463,1.9992610663920145
5159,0.535886258410024,1.1195917156162674
2920,1.0028896371213063,1.7663516436069155
3780,1.099759668196442,1.6183154952155085
3651,0.9562014065574574,2.028894576753193
3694,1.2114947199943404,2.0712993328223765
4489,0.8408065041632883,1.810665536064875
3625,0.569377541235648,1.476638907579018
2230,0.39605967138220954,1.1973181447350048
4825,0.5539766033333103,1.5937484573314444
4884,0.383995353797879,1.4173895920389274
4717,0.4104519697035579,0.6915182235318031
529,1.2779566641407603,1.541460364813322
5132,1.1903718937055472,0.9448045673131235
3991,1.308812533781185,2.0046579228139882
4074,0.8797479141802127,2.1353912220247424
3359,0.9022964837485502,0.0
3798,0.3784113949078693,0.6457357510319582
3929,0.9100315103865803,1.7950575975509988
2619,1.16405492283648,2.1480124007355297
4438,0.11742796290975095,0.32330213833362126
1781,0.49102684941307,0.9400570025162525
2612,1.032943832734363,2.3317072307335036
1791,1.1149812755751378,0.7837123148624061
4012,0.7533204703584858,2.1750197895567194
4798,1.5811388300841904,1.8206947450346587
3806,0.23888469620189373,0.7410027961330072
4010,1.0457519162607418,2.3504462981599694
4661,0.8857164273734957,1.8771071766469962
3030,0.5135389894628296,1.6964230900215267
4064,0.8414398775961145,1.7128529582296723
2837,0.6849126356689695,1.583058187791276
4549,0.8240819813440716,1.1948086332404455
3930,0.9349217582577488,1.670273737061446
2949,0.29758678766614133,0.568692437067273
4109,0.29079113185659977,0.4492012143389907
4313,0.7248587294046298,1.8317220336950344
3345,0.6230863869929547,1.3488975519413557
4460,0.12098757293764062,1.305814607407269
3140,1.4120782464736856,2.0246763962939283
4036,0.9886242150287285,1.5740637040184176
4248,0.8591862438428116,1.2238621820248747
2813,0.35530560234402675,0.5644481275796579
3110,0.448902771368613,1.3858228443371425
3117,0.7272908772791299,1.4795803646616554
2998,0.13282784400123093,1.3360200357404068
3313,0.6230194594531787,1.5023098547823281
2222,0.4448636557046994,0.8042441162036539
2780,0.778249188721316,1.6156814812447988
3593,0.7990213078102509,2.3328352475656966
4449,0.217796017983341,0.37321992910116764
3844,0.2011086648068815,1.4472306788378195
4346,0.932843202600423,1.492952973541078
3612,1.0363410410571126,1.2209974930677723
3023,1.1240761327326154,1.2199423046571685
3352,0.4686291053603733,1.3434552283685732
4314,0.8390637046888361,1.8691759169818023
4231,0.9384363599181963,1.6164255653690587
4951,1.3050653285285052,1.6790269768056483
2821,0.3098716990686676,0.5644481275796579
3872,1.1029899316620038,2.053865780798318
3160,0.9281388086207508,1.9186364574339094
4552,0.8053369648828953,0.9511408879603281
3092,0.3940567575856106,0.6232257922885226
3513,0.19925572334872174,0.8314505018161181
4818,0.5200753256789229,1.4850161029886504
3060,0.3821258626600098,1.3851096722766238
4362,0.8913293499406398,1.8264438473296145
3087,0.45152942691227904,0.8981206856822583
5014,0.33311515726830176,0.5513182837549021
2945,0.2331503810239827,0.568692437067273
4002,0.9337080412588824,2.0693902668502973
3856,0.8468873390655254,1.9433820469886751
4926,0.7303625567541754,1.9405488050716537
1586,0.6245312000871853,2.1150709006555872
4392,0.7416429807420908,1.4919481759679392
3149,1.1514398277919742,1.891556800291914
2474,0.6213889250396089,1.5621178467555676
3193,0.9931325098404881,2.196186509750375
5122,1.3118601519554438,2.4246987708644525
3928,1.062971840183155,1.7950575975509988
5036,0.4127452810116273,0.44861278312730746
2838,0.7791938072235174,1.583058187791276
1504,1.0141078647319264,1.5999975718532606
3254,0.27480853425196244,0.779808617639787
3372,0.9153698933254134,0.7192348461064266
2901,0.8772846223552548,1.6649997310771187
4742,0.18645182940461197,0.0
4507,0.917687068722067,1.6035423582434876
4901,0.9100199484911189,2.3863529679961384
4927,0.8042938469334394,1.9405488050716537
4255,0.7956337525762117,0.930507382467841
4218,0.4267098402557779,1.3792137973323317
1126,1.2473728650251457,1.9005939908278664
3609,1.1341728509944662,1.3065405169383508
5061,0.1419854739221248,1.7175153506948626
3849,0.14312090583388676,1.6918530852415732
4145,0.17708878877492978,0.4969702873798432
2962,0.26576279214321824,0.5127895150863193
3097,0.3874251788102696,0.7246829451495133
4203,0.8428810633611173,1.5953124905035223
4031,1.1833755959072825,1.9237796430903242
4476,0.16240325104874756,1.273741850726271
2932,0.2295052357201865,1.3256999271583503
3781,1.063219528253826,1.6183154952155085
2884,0.8864778633158896,2.2803698642956527
3341,0.4821396748281028,1.3488975519413557
3878,1.0351766300554253,1.9567131853211877
4871,0.48718540938143756,0.8519125933126016
2876,0.9427331661897441,1.8092352108950795
3247,0.21053457150777605,0.4112527057821853
3723,1.2886592111609485,2.0477512438965966
4685,0.6868673601357207,1.5744991174869984
4095,0.14927132780655344,0.899328744836828
3950,1.0819531256827,1.6984765914142856
2948,0.31233642752393714,0.5896841344327646
3917,0.7205897303162515,1.738116944799408
4184,0.8326184346054771,1.6716615017961092
4624,0.779112294351236,1.776410468661375
3562,0.7166341906372415,1.7904238450178187
3322,0.8796472562287428,1.3315158976101051
4336,0.746024088957386,1.3195102984905858
3752,0.8008877845177292,1.8750016528969327
2990,0.138407782277791,0.8548788708116696
5093,0.5530692735388172,1.3728209736701646
3758,0.8414398775961145,2.2925668559597123
5033,0.35483711808766066,0.44861278312730746
3672,1.1740827630259096,2.261721351954417
3796,0.17439992397092177,0.6806575544841754
4216,0.6684260203465141,1.3792137973323317
4539,1.2754284928834665,1.8651479001954099
3915,0.6742935454013741,1.7833830695544384
3231,0.17439992397092177,0.5377008441575138
4318,1.1170876760070914,2.2342407399586457
4904,0.9219436874746031,2.3370821558624693
4816,0.6684260203465141,1.4850161029886504
516,1.235616328045529,1.571204326843458
3881,1.0050672706347086,2.368579576299413
4152,0.3899061043510493,0.6801779452130152
4008,1.1719993397678565,1.8700962702116308
5059,0.21887840236621167,1.4051884384530298
3260,0.2002144691030722,0.4768872904094406
3000,0.12710417056514428,1.2718914934950796
2710,0.14466866567920914,1.2291631053511625
3106,0.3984138253971352,1.1904115088888745
4457,0.1501380262068552,1.021765302071742
4703,0.16678663913854844,0.4911502658768139
3138,1.4359293775169168,2.0246763962939283
4345,1.145163905241567,1.492952973541078
3078,1.099533521855272,1.2315188795861465
4658,1.292136042368015,1.8771071766469962
3042,0.4864439431627244,1.5230227965987297
4992,0.17272840579874688,0.5599371962563873
3875,1.0423532474402877,2.1788132532092996
5079,0.821565490102019,1.3669103460168621
4672,1.9022464196343651,2.4380480099395023
3026,1.1694792141145098,1.4256162567365191
4142,0.17145530019708421,0.45222801546576197
5150,0.38090191825153646,0.96910172248851
2213,0.7376339679148252,0.9118649423713205
4959,1.2747909848515049,2.2153884322750637
3653,1.2448330119595348,1.5171142186269686
2989,0.24543515043112069,0.7938947521990515
4513,0.549438210095139,1.5348703521015672
2765,0.2991818179835279,1.6573676214704813
4810,1.1261737423837566,1.7376554956719488
5067,0.469027470859778,1.738155281961237
4171,0.24150325318685759,1.061743683390408
3788,0.18560807615887853,1.3899827011849375
5161,0.6386955241033312,1.1195917156162674
2892,0.7495649859271835,2.0580099371014753
3112,0.7112958902606439,1.4711882809786545
1788,0.630907771005458,1.1317183306153955
4493,0.7013005124752529,1.7613711261653429
4157,0.14846520148300002,1.2551870511396381
1426,0.587220219514704,2.319517207548266
4410,0.14896827676530877,0.48846835666076904
4652,1.1195830136440859,1.658814753565746
3837,0.2023751407580033,0.6051757924049234
4711,0.22429401621237363,0.4911502658768139
3295,0.2765696291743299,1.0548937915479017
2967,0.5362051706454363,0.30482586333003353
3381,0.39628812763580035,0.8551278713273697
3718,1.4616796317065364,2.0677733479818294
4138,0.13510187684711764,0.32182911856194246
685,0.10167229009027628,1.7336364009605338
3362,1.1326312184721141,0.0
3284,0.13759067807572165,1.3548446163304817
4222,0.5572651528439535,1.4898152590004916
2238,1.0689046231085289,1.6614864844549195
4230,1.0209090623666681,1.663487680414767
2754,0.45055299130190624,1.77205292669503
3819,0.6368363975654039,1.5047755041738464
4659,1.0325468024097695,1.8771071766469962
3770,1.1543338836286692,1.8080378236563572
2915,1.3947283367352397,1.7663516436069155
4823,0.6237962365836255,1.5858606846260095
4737,0.19056396334626957,0.0
4337,0.9217530289562508,1.3195102984905858
3942,1.0303754878441018,1.5188697315474513
3139,1.205102519030088,2.0246763962939283
4664,1.1048911514720507,2.612672162198115
2785,0.38200953733582016,1.882619998403615
3822,1.287595568992117,2.0890875709307273
3761,1.2942073687689415,2.076191118707927
4411,0.2160322917915436,0.5330906483625351
4100,0.10650783353810943,0.6698721043499968
3076,1.5592220203354048,1.2960686566716686
5046,0.10167229009027628,1.3269851789290206
2859,0.9453704011107588,1.9019250294099428
4395,0.3811309162380938,1.5913219117971762
3307,0.26325717911249213,1.9233889480595388
4351,0.870047375748308,1.4997699421553443
4348,1.0517179907382614,1.5987790376753899
4764,0.2344636704107055,1.065015353425261
3114,0.8453856974398939,1.4216578127919113
2805,0.5718465879731282,0.6212269742361038
4893,0.922801917945456,1.855729228757615
2815,0.45904610627735903,0.536885048065722
3899,0.8689021964596905,1.6617207036215988
3985,1.07381175794664,1.909267898861884
4680,0.6115793239686109,1.8729584778631374
4018,0.9619454018638949,2.2492932631389344
2798,1.3865287045154577,1.32344444529459
4462,0.12602031944612582,1.3234575917442308
3588,0.6023494777563104,1.923872585427054
5176,0.8510051607988736,1.887596649769936
2854,0.8042871106941801,1.9019250294099428
3591,0.8295753822012077,1.927960603615198
3663,0.8648987615915225,2.1604963961950663
4686,1.032186470701078,1.5744991174869984
3156,1.1923734580747503,1.891556800291914
3282,0.1163847969298184,1.2167006234984554
4797,1.8070158058105028,1.8206947450346587
2877,0.6686143658325178,1.8138113561719844
3643,0.8386977796921264,2.336349799299661
732,0.6019635934338964,1.8006710321870647
2931,0.192748546595815,1.3256999271583503
977,0.9124394225719162,1.891549477298135
2721,0.2937271499873108,1.0374304158754601
2769,0.7222379410144347,1.7041815150727933
3783,0.9183915355074629,1.6595298600978536
4773,0.25421952610042164,1.6177335997368651
3072,0.4860857662116404,1.4302771092257667
4974,1.0681370017709928,1.805279735123495
4728,0.2954901906908031,0.41560358066664455
3195,0.8342601174901646,2.196186509750375
3677,1.4500979785674764,2.3788633266511203
4715,0.43321302354394836,0.6102296335510504
4969,0.9344412938037503,1.6326156750999594
5134,0.9064852417682898,0.856880065881182
532,1.3069807012145083,1.541460364813322
3571,1.3872123821426288,2.0270562019609994
3397,0.4388689425553179,1.031786252742716
3119,1.0009552241631052,1.5041975365485918
3564,1.0516346970709947,1.7914713585492887
4782,0.8465531987233554,1.5945674696441707
3503,0.38573392645773114,1.614633021875292
3727,0.9030280760720911,1.6028698481287142
2702,0.0869534120198116,1.1759924726718547
3085,0.7706200937511907,1.0037670626850708
4712,0.19634495070663266,0.49580001195783074
3787,0.13217313458074406,1.5099556813419435
4281,0.5169074172193174,1.6190839454977801
4882,0.8075716135100822,1.3933801047613992
2733,0.7475090494269779,1.9317284834511248
4892,0.9818344551787801,1.855729228757615
3351,0.4248890144822238,1.5982592030797176
4089,1.4012495823591204,1.7769325211278595
3248,0.18870299270998867,0.49023536565145864
3065,0.37536173957774144,1.4627858546655772
4676,1.3397761688729697,2.291782061056014
4354,0.8944622370846528,1.6270181398624255
4403,0.16642534951412996,0.578676590080901
3542,0.9987157216506051,2.1290580577957403
4750,0.22693999255541117,0.8330759909561851
4303,0.940260122305465,2.1163884386892233
4906,0.8818588074846783,2.3370821558624693
4894,0.8960198207131662,1.855729228757615
3161,0.9130650215809255,1.9186364574339094
4523,0.5598760874592515,1.0965730859322254
5162,0.4773029689784572,1.1195917156162674
3577,1.176818677548983,1.9480338984253573
3329,0.5843328447942255,1.4232565877388974
974,0.6066937379060967,1.7230651068322347
3967,0.9126833110459249,1.5461715691463311
3146,1.0949825144363277,2.132539982331647
5116,0.8008319614979589,1.9492051439770515
3828,0.7883986954426356,0.7228807174317406
4566,0.32479787703261187,0.7485001649604799
4833,0.9307071911732386,1.9403270679756646
3904,0.6942611475729696,1.7823486558510226
3815,0.6738830944335615,1.2737006232464163
2828,0.36871783597054564,0.8013365882823895
2464,0.5681658882685102,1.3010291639017992
5100,0.3658582172248271,1.5007683245931123
3884,1.2120988865344462,2.1220208534857847
3978,1.152704817012224,1.8390949302521462
4105,0.2543947500071358,0.5241648591321759
4294,0.9928923604931856,2.226687632844837
4840,1.306452289522682,1.4284546699632974
976,1.0085291456583216,1.6923944397699437
2792,1.137049789787681,2.0141924902652297
3010,0.29749321091649866,1.333822363781568
3127,0.9712812000855278,1.931456474274931
3747,0.7356260058082265,1.7852109119744064
2751,0.795836123529462,1.4102094271542727
4802,0.6742935454013741,1.8206947450346587
3225,0.17556119427220182,1.0876399834743005
2902,0.9065963785715916,1.9706701193991252
3859,1.1375073673814082,2.124377826329296
2897,1.352106163548021,1.6649997310771187
3574,1.0446264116778385,2.0270562019609994
4695,0.15838062662963784,1.3583230739987375
5037,0.2192559218258109,0.7322891760087022
2760,0.6993405277736331,1.6573676214704813
3581,0.7495649859271835,1.8707133777659795
4875,0.3228670183001241,1.2520190767582762
3191,1.1889620260551028,2.2519995424771055
5058,0.251088027605581,1.404063154685551
5015,0.3707723905255903,0.3819462520556361
4925,0.923367979597434,1.9405488050716537
5075,0.7557428002105925,1.3220918264956152
3213,0.7136564326788254,1.6984613637440922
4907,0.9355654333995853,2.4490927198392307
4800,1.0435537683669718,1.8206947450346587
4135,0.17172508039484702,0.28600127347112625
3674,1.0135385634860576,2.268429788371504
3242,0.17217149582437705,0.37962432916318445
3940,1.0735148272582145,1.3893713305339803
2896,1.0765005099706055,1.9706701193991252
3546,1.1804447266616953,1.8238045815892998
4940,1.0048321831593612,1.5716862850266133
5089,0.8017055770473862,1.372430602661254
4924,0.7731651157081258,1.9496652578962308
4905,0.8024295777896387,2.3370821558624693
3050,0.6877628621844014,1.4436143004659052
4309,1.2225286192431677,1.6894553343682222
2461,0.5504310788016541,1.489126015197354
4577,0.7363789260928145,1.4466497615970093
2470,0.5675891851012457,1.3010291639017992
3371,1.0235787012590343,0.7192348461064266
382,0.31240044226200975,0.9293174812802562
4929,0.811547514012186,2.2981500478304864
4189,1.0713649695935747,1.6716615017961092
4166,0.207270125996531,1.1332020609989188
4571,0.3537503799943882,1.0431675766354613
5045,0.09206718569729529,1.3343015126892153
2752,0.7794341134708009,1.6547945589074995
4551,0.7811956123144549,1.0424989108563143
4536,0.4577549598875461,1.622535135993155
3501,0.6267000504699752,1.56870568439817
3531,0.266410407935185,1.5475032011845877
3997,0.9374309457679121,1.964354421584209
2860,0.93245336692349,1.9019250294099428
4161,0.1161632790599385,1.3322760403115232
3280,0.18414382962701167,0.8890947116328299
4576,0.5553694539332025,1.4282933822357733
375,0.09451054704946339,1.2946951141602094
2899,1.29935540976368,1.6649997310771187
2768,0.6904479782615704,1.6573676214704813
3569,1.2050357985540596,2.0270562019609994
969,0.24631559354347385,1.7068957905789526
3219,0.700999250050716,1.6984613637440922
2997,0.1161632790599385,1.3601804803484103
4367,0.923367979597434,1.9563876141448862
4452,0.6194319508852582,0.4803336728121373
3919,0.7570431204114842,1.738116944799408
3543,0.888857500432326,2.1290580577957403
3124,0.7428920490758816,1.8357842058485436
3608,0.9970396877453003,1.4284599089513041
4721,0.26724687787707785,0.8914330345471566
4556,0.5249287327218726,0.7953241980970988
4244,0.7077195538998023,1.2238621820248747
5156,0.599123559132078,1.0248066525951018
2793,1.186511535467267,1.9868231184554102
4316,0.9509371746203694,1.9718080761594319
4528,0.6250325425592257,1.3589005952273472
2858,1.2182267782595975,1.9019250294099428
4091,0.16785320355112834,1.4601808618600554
3746,0.9642870016813408,1.5970588445849825
1419,0.7979661845474001,2.1358780530941797
4829,0.5928410159605346,1.9170082257857846
3793,0.3598409969434889,0.880977074340366
4698,0.1866811082821122,0.9381193197061742
3249,0.15843271784402826,0.5321487665462923
4324,1.0654368279367992,2.3858373915317794
3084,0.4933728580442592,1.0037670626850708
3547,1.1420323125167862,1.8238045815892998
1077,0.40220439252040896,1.754388670472589
2468,0.460673874827127,1.3010291639017992
1501,1.2235636516279849,1.5999975718532606
2758,1.467844562692916,1.6573676214704813
2883,1.0139660432894293,2.1569000349906293
2770,0.715576249894026,1.7041815150727933
3867,1.1067922600415567,2.1788132532092996
4839,1.306452289522682,1.4284546699632974
4535,0.5074007066741326,1.790844791661001
3086,0.6290440759285869,1.0037670626850708
3498,0.7048632786012266,1.2228314958538913
4366,0.7731651157081258,2.011711746697218
4176,0.3107977580532119,1.6050474490622468
3358,0.8450459372519217,0.0
2831,0.3488354576005207,1.0286843066518223
3070,0.37046775816534006,1.4302771092257667
3926,0.8870041751703724,1.738116944799408
3726,0.8341409135340979,1.6028698481287142
4415,0.11903464395125192,0.4277657913714218
3767,1.3288875374806717,1.8486141093232564
4578,1.0264353511263251,1.5040423169902863
3706,1.1437207103327778,1.9994442514629052
4206,0.4600237902071273,1.5953124905035223
2732,0.6258141875708759,1.8952627309774952
4381,1.0677764984476428,2.5002972778586074
4123,0.26964285985135134,0.47148202166449477
2746,0.8379252795180135,1.4102094271542727
4088,1.2640011163091367,1.7769325211278595
5018,0.23065706481059448,0.3819462520556361
4993,0.17063580656238214,0.5599371962563873
967,0.2325575530004181,1.597950890640158
3105,0.3947626316579691,1.0644150710252938
3773,1.077449035717332,1.8859504877660864
4630,0.9186784807449261,1.8416717935755964
3642,0.7480335951281006,2.178342059973028
731,0.5732538908661204,1.732332930974112
1080,0.6690255675416493,2.0483832803098436
4482,0.19292951631630562,1.748014817101377
3293,0.16093224284101956,1.0548937915479017
3791,0.30130980336031693,0.880977074340366
4330,0.861979869839852,1.3328444428280404
3829,1.0983479888429049,0.7228807174317406
4099,0.1293333806127127,0.8171736268921878
3678,1.6155752004901436,2.3123136532885153
4331,0.9433494750327418,1.3195102984905858
1796,0.3278795584080471,0.7632616921342525
3216,0.8955720343218431,1.6984613637440922
3398,0.47037776066604325,1.1301933339645456
3669,0.7933962196126367,2.261721351954417
3736,1.3817544090049365,1.8997415158250863
4872,0.39497642337279343,0.8523340558456495
2736,0.5926196520170312,2.0178095700841934
4045,0.8562325094789901,1.6845395197440405
3921,0.8989909720624216,1.738116944799408
2975,0.13510187684711764,0.3361578959260503
381,0.25992246129224444,0.9293174812802562
4631,1.1197888105218834,1.8416717935755964
4373,0.907347422332766,2.011711746697218
5077,0.788362064573104,1.3220918264956152
4895,0.9647529295566579,2.207143522687573
4409,0.3392659447814581,0.48846835666076904
5164,0.5739281024288554,1.361620508734479
4520,0.8114610852369182,1.2188476902325787
3536,0.2786194600360711,2.2558595740169043
3841,0.496822777997708,0.7831427197019796
2938,0.29633973575572864,0.6588417513255583
2748,1.1857532656600571,1.4102094271542727
539,0.9709832153866308,2.1060895158832573
4896,1.2809750721873574,2.207143522687573
3394,0.39849430171828454,1.0001648542315378
4154,0.23683116896888284,0.9633593897567869
3954,0.7519346319799087,1.248393147381678
4794,1.3709071977663922,1.9829753874334148
5012,0.28227241277012727,0.5541355032504102
4329,0.8342601174901646,1.8556640848809967
3338,0.4010239002498908,1.4232565877388974
4315,1.123716915632826,1.9718080761594319
3186,1.2702796138780335,1.8269448933581331
2609,0.9022964837485519,2.0043736515510404
4129,0.31164743381542453,0.32182911856194246
4949,1.0827763644852633,1.6790269768056483
2739,1.378089064721079,2.1878154898627398
3842,0.3516750536434589,0.7831427197019796
3206,1.1680284442396343,2.3117853547598393
4037,1.0319775434980605,1.5008921771994144
3795,0.35026084429924,0.7123331516450686
4389,0.9517750569099788,1.4919481759679392
4040,0.845687105556316,1.5008921771994144
5178,1.1478099210294839,1.7258697952329367
4245,0.6741452152485288,1.2238621820248747
3870,1.092842325404396,2.1788132532092996
4143,0.17557469020752353,0.4969702873798432
2762,0.47572508604325675,1.77205292669503
3074,0.8326184346054771,1.4302771092257667
3288,0.11204192500392597,1.3548446163304817
2964,0.3832198191498202,0.39359662745452545
3708,1.0233940409176823,1.9994442514629052
3587,0.864146508717084,1.927960603615198
4256,0.6928270559763322,0.930507382467841
2918,1.1922997268634998,1.7663516436069155
2848,0.7908169482214715,1.9457851458662305
5097,0.5031213420924702,1.4369685328625985
3024,1.0253882241068681,1.2199423046571685
4754,0.09080251759647508,1.4193524381418154
4112,0.288303607172072,0.41761598614325857
4720,0.19849016120196467,0.8914330345471566
373,0.0987588142909554,1.2946951141602094
2611,0.9858979338070311,2.268732484854919
3401,0.8047907256869733,1.586885635730932
2999,0.1338694990184071,1.3308530374434282
3568,0.9806452706607247,2.0270562019609994
3041,0.4896522490277872,1.5230227965987297
2836,0.47086880577420415,1.778115541707992
4251,0.519207407864901,1.2712516648768233
3001,0.24363302078500548,1.2644613882693059
3695,1.2136889643424615,2.0712993328223765
3382,0.30351880196885395,0.8515374770439885
3103,0.31723365589361874,0.8328082753296593
4217,0.5120858303792049,1.3792137973323317
4180,0.308340359659228,1.8209825993902122
3920,0.9678938737906282,1.738116944799408
2871,0.888857500432326,1.8138113561719844
4156,0.15331912764348912,1.2266726741691865
4921,1.2566778790452937,1.8919874775063112
2981,0.1712345844993377,0.5117018386946353
1534,0.8281892768959759,1.8508113784102211
1792,0.6514797507857121,0.7632616921342525
3764,1.292815881620086,2.2925668559597123
4080,0.74453234177512,2.159778691151826
2215,0.7170121475285898,0.8042441162036539
4370,0.7578144580665619,1.9563876141448862
5066,0.38122757987051326,1.7497459231155406
4000,0.7747242641902966,1.9797016734015203
3922,0.8234870998095647,1.6576542662114566
4250,0.5418202280750435,1.2740927966518343
3634,0.6920461189420672,1.8505382243512438
4239,1.1365355542746094,1.3067018785978046
3817,0.5808441492411468,1.2737006232464163
3336,0.5418040471301222,1.4232565877388974
4174,0.2051368180316342,1.3449629611662397
379,0.1864907863152658,0.9293174812802562
533,1.013081457233191,1.541460364813322
3408,0.9002302090325555,1.4560076717147867
3827,1.4848803251265115,1.0328659337565362
3563,0.9782782717129054,1.7914713585492887
4131,0.28493320607355654,0.32182911856194246
4454,0.27309676909518205,0.4803336728121373
5139,0.48958759261698576,0.7891695993709916
3304,0.2710997239352396,1.8662291802721693
3800,0.4680933897272159,0.6457357510319582
965,0.2129761516770024,1.1710136969277576
3621,0.6649807361783526,1.2209974930677723
3154,1.0021071758012705,1.7844728087534505
3203,1.1741366386216778,2.3518875937221213
4724,0.28419153246292067,0.7337884062976694
3334,0.7005279446071374,1.4232565877388974
4738,0.2180689365299618,0.0
3995,0.9278780782445254,1.964354421584209
1747,0.17297230912211,0.8372115115996787
2460,0.5035928784519704,1.489126015197354
3502,0.5560191380629642,1.605638941999488
2847,0.5293927949285646,1.8554246708233768
4058,0.6888135360002462,1.714070557666341
3540,0.5681600628637278,2.1847005906657677
3615,1.0283371182471768,1.1850741281621004
4471,0.24150325318685759,1.1628313283435425
4185,0.8467111404924285,1.6716615017961092
4283,0.667678026120032,1.6806500650606733
3235,0.2827403031930434,0.5222659895074974
4853,0.6331202104175664,0.7662704460885534
4019,1.5585526177312958,2.279606882923756
2727,0.2856528683756087,1.6621822878952635
4221,0.47744999146015527,1.4898152590004916
2907,0.8772040830132547,2.0131568372339115
4934,1.4462755522883155,1.864798625271274
4445,0.22953136524371293,0.3520281457460971
4265,0.31380442868992325,0.9726240158530645
3525,0.42442521463460525,0.9772555239748623
4558,0.44855901539070425,0.7503933157449206
2993,0.1671257427613703,1.3308530374434282
3402,0.7647929676365176,1.5960713652070824
4425,0.20493603852348752,0.4039145843041415
3925,0.635422785667229,1.670273737061446
4300,1.07185176877589,2.226687632844837
4941,0.812372232910391,1.5716862850266133
3141,0.7654396330015543,2.0246763962939283
979,0.9976535708071782,1.891549477298135
3356,0.47925409648139095,0.0
3054,0.468491033141877,1.3840678268576296
3649,1.56679487472254,2.178342059973028
3814,0.5177434287794203,1.2252123711177672
4358,1.0024182055304685,1.640506803814478
4456,0.18414382962701167,0.7816178782330371
2912,1.468211046006711,1.8564545554682421
3777,1.083636668938185,1.6595298600978536
5011,0.28645232522188646,0.5588375729816768
4669,1.6976683820099647,2.5859106961337748
3641,0.8906445814261306,2.1574954150429138
3505,0.1285424209455612,1.56870568439817
3375,0.4511139973537928,0.7921627728772053
2211,0.6494198165141544,1.3773930694287093
2987,0.43144163955675763,0.7938947521990515
4029,1.1118686900786114,2.1004241751882704
2963,0.3728859470828858,0.5127895150863193
4746,0.5208330921914411,0.0
376,0.16049266536731696,1.2946951141602094
1775,0.3236178423487901,0.636922083538934
1581,0.548934590817508,1.7465011235932364
3671,1.3305165873227125,2.261721351954417
3265,0.19634495070663266,0.3586711919650789
5083,0.7648202235658755,1.3669103460168621
4297,1.5591325993967455,2.121535833063747
2618,1.2648049261933982,2.268732484854919
4090,0.5436583366591833,1.7208980548313122
1508,0.6990748682950232,1.6053296574802467
5175,0.7254862626112957,1.7369384922027329
5090,0.7977299834772515,1.372430602661254
4126,0.20023752138978282,0.46744027849143793
4813,0.6637976699448809,1.5816046620484925
2873,0.9402045318892581,1.8092352108950795
5021,0.1725997355281198,0.32668789989326913
3709,1.183375595907282,1.9994442514629052
380,0.22892563147131476,0.9293174812802562
4120,0.3095156260651852,0.46744027849143793
2867,1.2747022457305552,2.2010933566600728
3648,1.3013394054489187,2.178342059973028
4527,0.7428427731794597,1.2691159470365723
3228,0.1867444568187794,0.6467506668391492
4841,1.0640501678167134,1.4284546699632974
3538,0.4802753326322791,2.2558595740169043
3393,0.27373141945112767,0.9512500906535653
5144,0.35600870632746345,0.7684621585724001
5062,0.18400494947525822,1.7497459231155406
4320,0.6115793239686109,2.3163226822615206
4436,0.24006346111797333,0.41852620212436176
691,0.6723554783795169,1.6626950664694815
4649,1.0136081817416869,2.262029616778238
2808,0.40246692159444714,0.600892389051017
2724,0.28746263916375997,1.532855078237675
3533,0.11866451333184609,1.8572943984431647
3711,1.0389193447108362,1.983131059451817
2927,0.9100315103865803,1.5960409463024843
5118,0.9810074423763542,2.0043102085688758
4741,0.2080131186616783,0.0
2898,1.4207114936052838,1.6649997310771187
4860,0.47552931067921117,0.5411655124172396
3517,0.2893758227604233,0.8314505018161181
5073,0.936624138081871,1.3220918264956152
4678,1.0913051098171793,2.291782061056014
4481,0.22418803502929038,1.699033765531871
5166,0.5795641774638479,1.4433258514837293
3890,1.1252548653899073,1.6617207036215615
2849,0.9934562434591854,2.1690764967309657
5043,0.11435823879791003,1.3617155450837497
4394,0.7543709589454882,1.4919481759679392
3296,0.25795647999155835,1.0548937915479017
2851,0.8929401954728153,1.9457851458662305
3932,1.0755296343678662,1.6576542662114566
3369,0.7293866447966825,0.7192348461064266
3685,0.7883986954426356,2.0712993328223765
4815,0.7475090494269779,1.535829504146006
2800,1.2495946465020187,1.045316012298931
3552,0.9837045916345453,1.2489329322758775
3218,1.1091287672774333,1.6984613637440922
3302,0.293815607642138,1.6619687345473446
3367,1.010765772743988,0.0
2943,0.3421497951914765,0.5064924458953325
4193,0.6115518444508176,1.834854791885668
5035,0.5151793449026453,0.44861278312730746
4057,0.7516933982505547,1.8495602812273804
3935,1.0613123732006915,1.3893713305339803
3702,1.2324310006279757,2.2697148269946523
4032,1.0821583891647306,1.9237796430903242
2775,0.6906745658930786,1.472221605812425
2835,0.40220439252040896,1.778115541707992
3681,1.0205437614067199,2.1141477919565115
4435,0.2602625211816199,0.43371259207739005
4496,0.7329244389292399,1.7572373547307518
3789,0.2837407123181245,1.355415497171802
4984,0.1756589201793804,1.4874281506212694
4083,1.0090470917805896,1.82136685013038
4387,1.3368289745899224,1.781735959014512
3803,0.3292866104300269,0.6457357510319582
2749,1.0713649695935747,1.4102094271542727
1075,0.8504750204718196,1.7003498170707856
4809,1.3609368024903394,1.7376554956719488
1746,0.19857281496711718,0.8372115115996787
4162,0.11999024145321394,1.3322760403115232
5032,0.21614706305219847,0.4127452810115554
4952,1.0597181620869751,2.1513007373900224
3344,0.5641503059058545,1.3488975519413557
5174,0.929672046821181,1.7369384922027329
4404,0.17230418999888242,0.578676590080901
3174,0.6519982015269068,2.0024850244957664
4267,0.48366789290416706,1.0385355370894642
3133,0.7876603995747158,2.1556925867167114
4734,0.20968184724519295,0.0
3860,1.1403369238806893,2.124377826329296
4709,0.20323422986633805,0.4911502658768139
5168,0.7075756427800317,1.4433258514837293
3619,0.40822776629406266,1.2209974930677723
2738,1.345863229504041,2.1369552880794718
3670,0.8567058140158462,2.1604963961950663
4561,0.336814512509414,0.7147621810610443
3037,0.6766745959474673,1.5911428458551389
3778,1.2942725803470927,1.6183154952155085
3347,0.4182822946485591,1.3488975519413557
2750,0.8461642915848091,1.4102094271542727
4280,0.45152942691227904,1.5267216898711193
4827,0.8393083625142578,1.9276550813990008
3759,0.989924783760999,2.2925668559597123
2829,0.37390013366296965,0.9147070451917506
2742,0.9708325532154127,1.779302105722883
4440,0.2023751407580033,0.3520281457460971
3120,1.1654804600958284,1.5041975365485918
4533,0.5288475424203471,1.8432716220640752
2878,1.2208224177917397,1.9814157581626657
3162,0.9468510792321213,1.7794191147596297
3033,0.539963107639784,1.7926161189299794
4286,0.8817911555063199,1.6806500650606733
2783,0.5161303938597414,1.7717509955121737
3366,0.9436233234424226,0.0
3346,0.5489203784359791,1.3445525813766313
4413,0.2063690182827231,0.5330906483625351
2994,0.12011216093353476,1.3335016185612345
3589,0.9647748973484186,1.7821839176021501
4628,0.8427253995412544,1.7160898776027664
4883,0.7038264108210294,1.4830319735507969
5026,0.157114943730806,0.32668789989326913
4575,0.5554617570834613,1.3598572224452434
3797,0.21948469651787297,0.6670582842921311
3889,1.0422307253992817,1.6617207036215615
4512,0.49188715600569266,1.5579357156692046
2642,0.10436517585965659,1.4231768686971218
2886,0.9862161938797062,2.2803698642956527
4385,1.1919589384240974,2.2286847103146283
4357,1.088180608274298,1.640506803814478
2753,0.4596208772330723,1.6652575887502428
5107,0.4894144278400686,1.5655563104626298
3962,1.1245432301751968,1.1813819310285045
4183,0.531136178454697,1.7315712472577955
5081,0.6503097010236228,1.3669103460168621
372,0.09989721452106005,1.2946951141602094
4700,0.15981241202790733,0.8624512455773996
5140,0.47239992121651186,0.7551899326029444
2472,0.4944366978094839,1.3010291639017992
1078,0.47086880577420415,1.8653553600057142
3360,0.8223364446321842,0.0
4374,1.1305496861054345,2.034638654388968
3946,1.1433239009500593,1.7815093036570668
2708,0.1537467145503687,1.332113597643983
3021,0.9485209081801853,1.2199423046571685
1794,0.31835138450893874,0.6691045701387413
2716,0.2566416345044254,0.9595640600330066
3808,0.39220683370293,1.0264560739531468
5042,0.09820799407338811,1.3617155450837497
5110,0.8434327447474853,1.5696983994549536
3936,0.9576479143215103,1.3893713305339803
4824,0.515483488641704,1.5858606846260095
3158,0.8643445329178029,1.891556800291914
3178,0.8112187031796497,1.9289959216324533
3631,0.47925409648139095,1.6906420068574755
3618,0.457344982781554,1.1603353202553965
4308,1.1522326523107884,1.6894553343682222
3943,0.5941809669003123,1.6514770712706872
4890,0.7890015816906873,1.855729228757615
3805,0.17913545052817728,0.6457357510319582
5143,0.3760106740231841,0.7551899326029444
4745,0.3948414177677313,0.0
3957,0.8307564159189992,1.248393147381678
4433,0.2745912642531805,0.43371259207739005
4426,0.21795179147804938,0.4179984079686375
3750,0.9755039372445459,1.8593061151182917
4382,0.9124394225719175,2.3559921790698133
3532,0.1317165368741759,1.787795654836786
378,0.22187226778545663,1.0608469417493158
5022,0.2074693242620663,0.32668789989326913
5057,0.2325575530004181,1.326610722422668
2473,0.441632346077836,1.3010291639017992
1580,0.5525314100895096,1.6894149781450432
3145,1.0949825144363277,2.132539982331647
2218,0.6590942245816144,0.7824596945114431
3886,0.8933173790724913,1.4746019815840943
4869,0.3104506393006696,0.7814307904252324
3200,0.8427253995412544,2.338073989790342
4140,0.17050785935613536,0.3613123416545742
2946,0.2276936878642028,0.6060468512781388
4458,0.11190777916817332,1.2309160542573239
4340,0.7187017284755701,1.5987790376753899
3374,0.4514598853572147,0.7683321628199655
4219,0.24503904863383125,1.4898152590004916
3279,0.18240364462342493,0.7754159638246926
3738,1.1021660334583525,1.5970588445849825
4292,0.8922773378360923,1.9922345658828036
3028,1.4615215548512095,1.6376708315516755
3207,0.7358602010000529,2.1748151967708154
515,1.139223927482029,1.571204326843458
1793,0.4863279291536146,0.6691045701387413
3892,1.3851055755780262,1.6617207036215615
3355,0.38150409982465516,0.0
4939,1.4793756885362497,1.5716862850266133
3332,0.6060803083228959,1.4232565877388974
4570,0.36710845719367163,1.0195141259487577
3523,0.22813156328614662,0.745655295959973
3046,0.6915575987718481,1.478020763686352
3528,0.584749951233062,0.9772555239748623
3971,1.302993010301634,2.0549210731270473
3895,0.8370773814115254,1.6617207036215988
3989,1.0898206245802922,2.348154925492778
4461,0.13066434936405696,1.3234575917442308
4519,0.7459473237219035,1.2691159470365723
4368,1.124228433059038,1.9563876141448862
4086,0.9837045916345457,1.7769325211278595
4125,0.2641771898001225,0.46744027849143793
5091,0.7396596922652705,1.3728979810572792
4540,1.3214788231604135,1.8651479001954099
3595,0.8202236825372975,2.2694154295836473
3566,0.850951138717511,1.7914713585492887
2227,0.45429431751665866,0.9207808935898364
4739,0.19466978320540987,0.0
3303,0.2604773351351446,1.7356409509382342
4851,0.33719225215810006,0.7771191048680718
4226,0.7666600906222806,2.1219742633404755
4954,0.7968807640886107,2.2153884322750637
4049,1.150660196168428,1.8495602812273804
4312,0.9174447323441339,1.6894553343682222
4359,0.8003498782130997,1.640506803814478
4756,0.14435298847977981,1.4539347656692703
1086,0.6023494777563104,2.0533243103030188
3632,0.5702343836357109,1.6906420068574755
4134,0.16720311097718676,0.28600127347112625
4749,0.3001946801671054,0.6776962456884582
4209,0.7730965228033728,1.5656161609821924
1776,0.32058350239224276,0.636922083538934
534,0.9738650377164161,1.5759992881854978
4930,0.8185337540602802,2.196313390541672
4855,0.403396054400906,0.7662704460885534
3687,1.4091336404618753,2.036739305108821
978,1.106148565686144,1.891549477298135
4847,0.5706057582576005,0.8547670473830277
4774,0.31159177887492034,1.6177335997368651
540,1.1232454134443426,1.9825042227336014
4653,0.7725120004926858,1.658814753565746
5152,0.3375744101565555,1.0248066525951018
3715,1.1206447323472344,2.0477512438965966
4207,0.7007674572089609,1.5953124905035223
3027,1.4375394749476011,1.4375394749483732
3179,1.0667152816848777,2.0024850244957664
4675,1.3397761688729697,2.291782061056014
3004,0.243944602566295,1.0147510133395827
3627,0.6635582015721141,1.4782142303247654
4908,1.1270439218253845,2.4927241726851364
3088,0.4596893051028927,0.6232257922885226
4009,1.1652028614193612,2.3504462981599694
4497,1.122605210621102,1.7572373547307518
4621,1.0208363907317424,1.67472602548381
3549,1.0325468024097695,1.6465052972576126
5135,0.9498015671303177,0.856880065881182
2841,0.7311064611304917,1.583058187791276
4696,0.15995316285695654,1.3263850758729652
4249,0.6186029807882741,1.2238621820248747
3834,0.49687063446562474,0.6051757924049234
4999,0.21560224130952418,0.5599371962563873
3211,1.0664364147640748,1.7960341571524079
4229,0.7458241266277754,1.947124749468345
4146,0.22662979366359157,0.5477033392426279
5087,0.744183976526362,1.383135998707064
366,0.20244250057942964,0.7171146530376428
4998,0.3384468531118152,0.5599371962563873
536,0.8954954288483974,1.7110811676882036
4310,1.0764659344625387,1.6894553343682222
3500,0.7294758721382696,1.2228314958538913
5121,1.3236461818739438,2.4799687962183468
2904,1.4793756885362495,2.067096635284671
4319,0.9217637394271732,2.2342407399586457
1070,0.6504358330307202,1.2870258561467947
3638,0.3642610570232595,1.855027636314097
3527,0.681269219565803,0.9772555239748623
5017,0.34439048291915303,0.3819462520556361
4227,0.9697456810208251,2.1219742633404755
513,1.1484792238794854,1.571204326843458
4994,0.1519909240375239,0.5599371962563873
2909,1.4013153149714133,2.032155285410843
5069,0.6963154887377168,1.469890737146573
2711,0.17791162172094072,1.1477157855324098
2996,0.13633040020846313,1.3601804803484103
4852,0.34107851671043576,0.7662704460885534
4285,0.7615457741099445,1.6806500650606733
4677,1.1522759897629842,2.291782061056014
3495,1.457262108910501,1.3306841024909526
3647,1.4814343656720501,2.1574954150429138
3826,1.3239078336651642,1.3805888286849515
4269,0.4573616078460103,1.0539909455627778
4922,1.1504165811160136,1.8919874775063112
3052,0.7317171663818448,1.4214398813581233
728,0.5300977491235718,1.590666315846548
3754,0.9950184617029479,1.9992610663920145
4935,1.20131137224831,1.8313499105862563
3737,1.0619884881071833,1.8997415158250863
2995,0.12815924527494058,1.3601804803484103
3833,0.6514797507857121,0.7192084340701626
3831,1.3579414864228954,0.7228807174317406
4372,0.8085573421405478,1.9563876141448862
3555,1.067739795644778,1.2489329322758775
3143,0.6609032742486133,2.012889543440594
4128,0.39986421834975094,0.37594357956558094
3406,0.7147305709348586,1.482576436604029
3729,1.2210098130341738,1.6028698481287142
4923,0.9441542612091924,1.9496652578962308
4483,0.32125348957743644,1.9561466551613467
4989,0.09108317107560794,1.0241543785301113
4548,0.8094788981611044,1.3742355695993005
3846,0.16941132762433309,1.7196341382305425
2705,0.10730188574117687,1.332113597643983
3516,0.6568217771570419,0.8314505018161181
4067,0.9498713802919554,1.7128529582296723
3395,0.48718540938143756,1.0145828482094945
5027,0.1752769948283465,0.3164003358423015
4486,0.7262918696673278,1.9561466551613467
4564,0.3642771913215129,0.7485001649604799
3535,0.19580703616107153,2.23246638018976
3931,1.1459553515404473,1.670273737061446
4957,0.9927439225285928,2.33634979929995
3091,0.4509921812780797,0.6232257922885226
4046,0.8271060950530715,1.7259575639671156
4384,1.3323500917460103,2.283107081975075
4165,0.20036605941589705,1.2551870511396381
4118,0.32901939318608314,0.4165361917201985
4322,1.0862919495945713,2.378536219206863
2229,0.3794180734705556,1.1592225576958504
3776,1.1451639052415674,1.7027701794598673
4713,0.24390733392622324,0.5699628441142103
1795,0.34951373598640906,0.6691045701387413
4398,0.13653328798151196,1.3596193811585742
1421,1.1059767368995626,1.94364794168314
4115,0.2504946829472917,0.41761598614325857
2972,0.16182435780663146,0.29584762814943877
3644,1.3223167874005282,2.344623278869584
1533,1.0056111143114048,2.1530384130464038
519,0.96902691960331,2.371859223341697
4304,0.7473959846716524,2.096019396748297
3580,1.0319418557526832,1.8707133777659795
3666,0.9337080412588824,2.209892411935347
2801,1.1357555365980738,0.7386643057390886
3163,1.0353287899158015,1.7794191147596297
4636,1.2462856424994435,1.7862243985593373
3537,0.45447863233579283,2.2558595740169043
3201,0.9380831860863169,2.338073989790342
3825,0.9650809991328676,1.5716713610901152
4663,1.190813742064341,2.5125403328772173
4261,0.7318302195732964,0.930507382467841
2976,0.16535854734135202,0.38836391573751666
3987,1.1994835177968115,2.348154925492778
2617,0.6244241733782785,2.4527193689503983
4177,0.2580283246374126,1.6389345251725003
511,0.9404008408634039,1.571204326843458
3824,1.07933595983819,1.8876522246527698
3852,0.3372151491737303,1.6918530852415732
2773,0.6436438788414637,1.6269561485244215
5082,0.6561442596727209,1.3669103460168621
4023,1.2587813152163094,2.279606882923756
3958,0.8976804331511363,1.1813819310285045
4344,1.0276032226110947,1.492952973541078
5051,0.2081126512289559,1.0174330068909987
2234,0.7620898732936439,1.4471103716607907
3865,0.9558920920216087,2.1788132532092996
4022,1.2753605612161365,2.221319224335392
4364,0.7153718228638554,2.011711746697218
4963,1.0314388656647009,2.0369575376955193
3506,0.10436517585965659,1.4293198741808302
2818,0.36129961316769904,0.536885048065722
3499,0.6842431191546722,1.2228314958538913
3700,1.5680424921922795,2.2224569114449544
4806,0.944487884903669,1.8206947450346587
3756,1.0532152093491103,2.076191118707927
4651,0.9426504735894379,1.6798958213480617
3665,0.8707102208201275,2.1604963961950663
3570,1.044684644977504,2.0270562019609994
4339,1.0783523059386664,1.492952973541078
3335,0.6219012408788879,1.4232565877388974
3848,0.11928512639283162,1.6918530852415732
5005,0.30963588417129634,0.5588375729816768
3325,0.5753200851796778,1.3315158976101051
4644,1.0460002198297627,1.382006176900338
3812,0.6229461787243907,1.174943481711842
3006,0.3020852744734674,1.0147510133395827
4766,0.25624302636926644,1.065015353425261
4808,1.2597346478949338,1.7514106205344668
3683,1.1524099489736421,2.0999328404182522
4973,1.1172554336511822,1.805279735123495
2855,1.1833755959072823,2.0545182769541346
2700,0.17925002921916328,0.8240654008621553
4662,0.9708325532154127,2.4867102842560427
2610,0.8987711082503144,2.0043736515510404
5123,0.9292650924681756,2.0043102085688758
4205,0.537253747650506,1.5953124905035223
4722,0.29356080419262365,0.8816538649809244
2237,0.5802942151294129,1.6376204882724656
3757,0.95502635204114,2.2925668559597123
525,1.5226253430699626,2.389450133800057
1427,0.844251255245414,2.61102981778285
4881,0.6139001468168713,1.3933801047613992
4349,0.8562915336443742,1.4997699421553443
4092,0.1623942077848253,1.4601808618600554
5124,1.1986714705936694,2.0043102085688758
3551,1.151439827791973,1.2489329322758775
4406,0.11081439621730677,0.48846835666076904
4194,0.6303011247224701,1.8926341028095408
4928,0.6337102405939931,2.196313390541672
3908,0.8785544079816967,1.9994782450863584
3311,0.6537955229400068,1.5023098547823281
3257,0.2893349143652915,0.4768872904094406
3751,0.9436580874723103,1.8593061151182917
2857,0.9927439225285928,1.9019250294099428
2788,0.5858451186948298,2.1262289810193438
4509,0.9953715499657584,1.5579357156692046
5054,0.27967760212722775,1.0174330068909987
3524,0.3666060589321368,0.9772555239748623
1073,0.8807725719879234,1.5490703710153853
4235,0.7679761784129846,1.3823878605139666
1079,0.6849126356689695,1.8780088160162656
3331,0.6050279827175766,1.4232565877388974
3998,1.0597181620869751,1.8700962702116308
4063,1.3187669891946565,1.7128529582296723
4441,0.19670421608505564,0.3520281457460971
4557,0.4343445364536136,0.7696006735473954
3379,0.42354759088823596,0.821715480956933
4508,0.9699042326269824,1.5579357156692046
4867,0.34135669641282623,0.5411655124172396
4450,0.29786458269597516,0.38013456411861135
4224,0.58566487949197,1.947124749468345
4836,0.8351799031572417,1.4284546699632974
2844,1.1065429178507378,1.4924219302058817
4843,1.0869165485713361,1.3977084499051873
3389,0.4310777517240305,0.8459100399347699
3328,0.5732538908661204,1.4232565877388974
4291,1.0635956921530663,1.9922345658828036
2778,0.5791501690994132,1.472221605812425
3005,0.23425973231575536,1.0147510133395827
3716,1.0765005099706044,2.0477512438965966
2874,0.9347665558177441,1.8092352108950795
4081,0.8597863287748887,2.1760678701241236
4213,0.38969502666772937,1.5656161609821924
2830,0.39144035675888694,0.967041720826805
3002,0.207270125996531,1.14765480258309
4768,0.23264986836422744,1.319895147620211
4567,0.2358520020330293,0.7485001649604799
3579,0.9263385899977986,1.932651006467222
934,0.20609978679298413,0.38456684517733586
4405,0.12103218144808096,0.5397764017612093
3965,0.9782782717129054,1.6228024641870404
2719,0.22157435251543844,0.9595640600330066
4878,0.40941122559323107,1.3933801047613992
5020,0.20323422986633805,0.33115607462058044
3510,0.21854459604905363,1.365375579084491
1083,0.7638477212512189,2.0533243103030188
2764,0.2812285562437718,1.6573676214704813
2868,0.9738650377164145,2.0186690040623483
2223,0.4407077984357899,0.8042441162036539
4705,0.43916938724780463,0.4911502658768139
3173,0.8470397594183295,2.040981619645651
2701,0.11861648528053728,1.0472883806316349
4682,0.942573564852688,1.8073792584940491
4554,0.6907647683763127,0.8640792446695544
3109,0.5574562208741024,1.3610440953739826
3662,0.9818344551787801,1.739342104799162
2214,0.7647929676365176,0.8201112193922518
2961,0.1900722829979969,0.6174671920198345
3972,1.4065259467477195e-15,2.0549210731270473
3879,0.9517750569099788,1.9567131853211877
4909,1.0488472094106873,2.4927241726851364
3170,0.9707187241979957,1.6346301400953458
3157,1.1733884382325952,1.891556800291914
4654,0.9469234547527154,1.7347279830054196
4277,0.7184025316175336,1.387607749222531
2880,1.1676949972321313,1.9814157581626657
3888,0.9509371746203694,1.5961378970842908
3320,0.5700714262583917,1.3315158976101051
3907,0.7619743611291594,1.9994782450863584
2833,0.6712760792605835,1.384577535747436
4955,0.9584475421181355,2.2153884322750637
1582,0.5409666442244759,1.809509581650415
4751,0.16057477201645484,1.158585974828556
4380,0.9343110155405822,2.5290771762162936
2955,0.402176839143044,0.4535085913858223
3941,0.8200079238206625,1.3893713305339803
4268,0.4418874989465386,1.0539909455627778
3409,0.8902813027637406,1.4560076717147867
3645,0.8452915339203854,2.344623278869584
4498,0.865780123440947,1.7572373547307518
3164,0.9633651395969686,1.7794191147596297
5127,1.776972349506542,2.2862586537572915
4484,0.40725947019670194,1.9561466551613467
4545,0.9103433824928022,1.6147003303897367
3299,0.22570285735422585,1.2704247525356465
3682,1.2368707803460253,2.1141477919565115
3660,0.7890015816906873,1.739342104799162
4772,0.27801181666377806,1.58989264966197
3882,0.9480649719119276,2.368579576299413
4971,0.8839406802566884,1.6833522389736308
2613,0.7077195538998023,2.443257967612169
5098,0.44934390367395743,1.4946656287005202
2718,0.2653533623895305,0.9595640600330066
4034,1.3895801180347929,1.678026408326754
3964,0.7166341906372415,1.6228024641870404
4788,0.8676310834026608,1.9829753874334148
733,0.3821258626600098,1.8306572008861888
2767,0.8721509462033115,1.6573676214704813
4755,0.14407919696342814,1.4539347656692703
4191,0.795836123529462,1.6716615017961092
523,1.4140970120769738,2.371859223341697
1503,0.9893224926890153,1.5999975718532606
4679,0.9096359225800337,2.3394324073623114
3252,0.2675235268790743,0.8111636473900715
5040,0.11190777916817332,1.3084684816056291
4785,1.0840363259463228,1.8402249284159289
3864,1.048315989413276,2.2855041893651262
3970,1.0925627069493502,1.683697105140862
4039,0.948287622659533,1.5008921771994144
3924,0.467273748308959,1.6576542662114566
2952,0.22813156328614662,0.4535085913858223
4666,1.1744112967237506,2.6242819156924972
4495,0.6366299485204854,1.7572373547307518
2882,1.0048321831593612,2.089426054578108
3038,0.8024969376238142,1.5911428458551389
3891,1.3676890472658367,1.6617207036215615
1783,0.6027129156852608,1.3528499810315666
2826,0.3615280416454317,0.6496878641098883
4026,0.7940439631846988,2.1159829435798274
2615,1.1782022250005801,2.4527193689503983
3504,0.1936086303816523,1.56870568439817
4732,0.16679115680299061,0.3021100940254768
4101,0.07567061527174457,0.5574407857073302
518,1.147718584944699,2.1702062374121978
4263,0.41964501283514183,0.942784550779399
4522,0.7896581294137557,1.0965730859322254
4931,1.4812539231060995,1.9419890239009547
4574,0.39463878049517465,1.3335361558012169
972,0.4802753326322791,1.7230651068322347
2730,0.4968127902696408,1.6621822878952635
4258,0.5893590978839652,0.930507382467841
2905,1.4793756885362497,1.9612328011803657
4765,0.28433094607966264,1.065015353425261
683,0.2693372721792777,1.6637074775562186
2913,1.5444356980992542,1.7663516436069155
2789,0.535663855400943,2.1262289810193438
4259,0.7065116014220538,0.930507382467841
3059,0.4744801059202824,1.399487355663845
4635,1.0164258722673343,1.7862243985593373
4238,1.4196844283040482,1.3067018785978046
4155,0.16569976341170642,1.1160987879936035
4648,0.9077652481959502,1.6798958213480617
3937,0.9449602421775769,1.3893713305339803
3267,0.19411827000198856,0.3586711919650789
3714,1.2551025898128803,1.9994442514629052
4172,0.27967760212722775,1.061743683390408
4487,0.7630677571243019,1.9561466551613467
4966,1.1094152644132018,2.0414255748020675
3044,0.7336585176363359,1.478020763686352
2235,0.5709269826836582,1.471965366173355
5085,0.9402598447345006,1.3976533626341887
5101,0.39331419292894615,1.5696983994549536
2766,0.5681600628637278,1.6573676214704813
4500,0.9780501804963878,1.7572373547307518
3233,0.29522870134427487,0.5377008441575138
3835,0.38408072636684737,0.5229673156876775
2811,0.3535611587784663,0.5730274921262826
4196,0.8148441257351254,1.9648442281171912
3927,1.0045206294467808,1.7950575975509988
3607,0.5083384902249446,1.506930489155067
4757,0.1031648498513338,1.4193524381418154
3529,0.24584899432848925,1.0121443353363475
4199,0.9647529295566583,1.7807611550328497
4516,0.6389891030292569,1.5348703521015672
3586,0.7631907313683245,1.923872585427054
3704,1.4273769466470303,2.2224569114449544
4042,0.7973788985960563,1.5008921771994144
4072,1.2336673015943633,2.043381958680198
3735,1.3579304492680595,1.886862838941802
3553,0.884452144633151,1.2489329322758775
4796,1.4256961092481752,1.8954628020474842
4942,0.7910866502221442,1.5716862850266133
4234,0.880802991013288,1.3831759738556604
522,1.467367063723566,2.530561166472211
4363,0.8562325094789901,1.9563876141448862
4068,0.944487884903669,1.7128529582296723
694,0.7157648241883019,1.6661573974778339
3845,0.1805431966320684,1.6879033923978395
3903,0.7347099055674418,1.7823486558510226
2956,0.19272497149585602,0.4535085913858223
3176,0.5323286388103144,2.0024850244957664
3104,0.3566840264520805,1.0464730100363784
4024,1.3703979687234111,2.279606882923756
4201,1.115727581468916,1.7807611550328497
3361,0.7453713091502912,0.0
3278,0.27309676909518205,0.5108964643092888
4332,1.1420155758849784,1.3195102984905858
4327,0.9931325098404881,2.1560025341427003
3118,0.8739831638229516,1.4960269677755653
3534,0.16853441872262848,1.9125042548285518
2903,1.3597463915387573,2.177194400921668
4317,0.7954363296947928,2.124344550779693
2466,0.4989503758181434,1.3010291639017992
3391,0.31723365589361874,0.8459100399347699
4525,0.6334081305065129,1.0965730859322254
4347,0.8495227460579412,1.492952973541078
3699,1.3661517503536675,2.2224569114449544
4173,0.2129761516770024,1.1332020609989188
5044,0.13383646141837607,1.3617155450837497
3633,0.548934590817508,1.8238013707547276
5145,0.37191699720504867,0.7684621585724001
4990,0.09855674414040794,0.6049053947262835
4811,0.8940151105864889,1.7089974827886893
3830,1.5211996665294116,0.7228807174317406
3308,0.2856528683756087,1.9233889480595388
681,0.2153024816721029,1.482084047824871
2910,1.082034853989701,2.0131568372339115
4962,0.9693747085046817,2.0369575376955193
4996,0.2622782159684442,0.5599371962563873
4981,0.8456275856059992,1.6414184309386322
4225,0.6590217473336651,2.1219742633404755
3956,0.8743611960674241,1.248393147381678
3909,0.978431069927585,1.9994782450863584
3286,0.12602031944612582,1.3548446163304817
4299,0.8541907324486656,2.1551179340802435
4638,1.1841036578382647,1.5904606584754892
4240,1.1441092509330895,1.3067018785978046
5029,0.15777007712092103,0.3164003358423015
5180,1.1221178963759875,1.5961042191264887
5002,0.26969385428091786,0.5710879195408355
2763,0.5482339524294442,1.6573676214704813
5104,0.5930906932483087,1.5007683245931123
1423,1.0816440605328472,1.94364794168314
5074,0.6757471985855413,1.3220918264956152
3077,1.4150101872159793,1.2960686566716686
2228,0.38090191825153646,1.0496195451942991
4629,0.8772846223552548,1.776410468661375
4826,0.6915545878736894,1.5937484573314444
4290,0.8125569908571787,1.9922345658828036
3222,0.15091539683893335,1.436904948596559
4683,0.9610310455283745,1.7727462290558833
2824,0.28404073961438847,0.5952354560718985
3659,1.0136081817416869,1.739342104799162
4491,0.8525771168488891,1.8337560976238056
3616,0.6533815255816402,1.1603353202553965
3090,0.6029239252637993,0.6232257922885226
4838,1.4196844283040482,1.4284546699632974
4077,0.8288441253193138,2.1353912220247424
2786,0.3529179464200686,1.9512144721959024
520,0.9618075102801743,2.4715843100487884
2722,0.27325968396527167,1.3876878886869335
5060,0.14178222967182902,1.5056980294232707
4693,0.1917406051797945,1.4182105252867196
4937,1.2317496398469883,1.5716862850266133
5007,0.2700180202185363,0.5588375729816768
4932,1.6310091113849792,1.864798625271274
4127,0.35961444009863064,0.46744027849143793
3802,0.3276673850229689,0.6457357510319582
5016,0.44747572351923715,0.3819462520556361
3240,0.127263257444825,0.37962432916318445
4727,0.3486438264129235,0.41560358066664455
3221,0.20582332016418856,1.436904948596559
2893,0.9451952767290852,2.0580099371014753
3168,1.3744611976676822,1.6346301400953458
1502,1.2595505946521262,1.5999975718532606
4325,1.1462171811126194,2.1952822266118632
3664,0.7433187948772875,2.177194400921727
4326,1.1399767949049084,2.167008960688189
3605,0.68457286122329,1.8160302265151806
3121,1.1810121979127615,1.5041975365485918
726,0.6354985120489731,1.4362296186227723
4035,1.047910730816262,1.5740637040184176
4688,1.207229486650707,1.5744991174869984
3733,0.876233154975162,1.7490645558487934
4945,0.9866161670273407,1.5716862850266133
2744,1.3960585676194406,1.4102094271542727
4033,1.1589645314350967,1.8205506552145552
4006,0.934993637441567,2.360075046394784
4627,0.8868101760469669,1.7160898776027664
5025,0.19056396334626957,0.32668789989326913
4778,0.8759140190911741,1.5945674696441707
5049,0.1831792491478888,1.0254800010993712
725,0.7428218306431463,1.4362296186227723
2233,0.6697757603285093,1.434952246583719
4096,0.152748122899432,0.8171736268921878
3057,0.33720235746364974,1.399487355663845
2940,0.27857893435139025,0.568692437067273
3142,0.6151293793667787,2.0246763962939283
535,0.9971617648805524,1.8463221849502567
3866,1.1530823386153037,2.1788132532092996
3403,0.876309954282793,1.5960713652070824
3749,0.8633127514025631,1.8593061151182917
1069,0.6949997611849668,1.2870258561467947
2734,0.2812285562437718,2.0178095700841934
3194,0.932890770076421,2.196186509750375
4975,1.3708835578890692,1.7928299300144006
4472,0.4013333742642685,1.1628313283435425
3732,0.8686381889948381,1.6028698481287142
2879,0.9174315763919034,2.089426054578108
3490,0.8106052230437434,1.7795596092062316
3897,1.0605393032924606,1.6617207036215615
3066,0.39561447879286044,1.4710977795050941
4071,0.9082594902474944,2.035450371144872
4397,0.11180031291383999,1.4144646959035356
3016,0.4428710559247328,1.4579365084111682
2916,1.09975166353764,1.7663516436069155
4767,0.2560346559943623,1.071832739685456
4874,0.3978145320463306,1.1926286572488785
2699,0.23753237220405085,0.7897834469129694
3779,1.352822876709233,1.6183154952155085
2713,0.18930050820591107,1.0653632603713306
3887,0.750872623246345,1.4746019815840943
4888,0.7880095297639352,1.855729228757615
3209,1.403405820280368,2.1748151967708154
2935,0.24070242515048637,1.1091004281272512
4687,1.045048809086088,1.5744991174869984
4408,0.1883858228372074,0.48846835666076904
4947,0.4596086290879403,1.6188319777592612
5170,0.9101099458152858,1.7258697952329367
1782,0.5980413080959729,1.0516869221348992
4334,1.0773710951700888,1.3195102984905858
4295,1.1145091090974633,2.226687632844837
3980,0.8828548807306078,1.8390949302521462
4164,0.12710417056514428,1.3017269200678527
4938,1.2832541799484085,1.5716862850266133
4117,0.39668223685290793,0.4165361917201985
4428,0.16570040877019349,0.4179984079686375
2771,0.7476887284044158,1.7041815150727933
3689,1.0266248056549727,2.036739305108821
689,0.6225268688817437,1.6626950664694815
3880,0.9873290485998976,1.9567131853211877
4846,0.5879292689441769,0.8639652626894511
3717,1.1337323329236282,2.0677733479818294
5039,0.16057477201645484,1.152341674715277
2889,0.9669163467431945,2.0580099371014753
5024,0.1671862613990444,0.32668789989326913
2966,0.27732138559384456,0.3071159922144746
4030,1.347809360806874,2.1004241751882704
3377,0.3016743387813141,0.7921627728772053
5092,0.5273643810042923,1.3728979810572792
3734,0.9774790725723957,1.787709253977276
3594,1.124228433059038,2.2694154295836473
4137,0.15450285431555716,0.29571730312024597
3283,0.10502369645400897,1.3077272630114765
3799,0.4916489219840991,0.6457357510319582
2934,0.26753887515296076,1.2537864665293863
3974,1.0229708192341311,1.8390949302521462
4562,0.3697355818099162,0.7147621810610443
4106,0.2674199464636492,0.5198170391121737
4136,0.1750406211642807,0.28600127347112625
3111,0.4731957693673197,1.4216578127919113
1074,0.9323697850216065,1.5727992532950466
3404,0.870134884223319,1.5960713652070824
3053,0.5749629420812356,1.4056567085437028
1084,0.8407963459421216,2.0533243103030188
1584,0.467273748308959,2.0811063998962602
4321,0.8885397151367612,2.378536219206863
3245,0.2067573331753007,0.37962432916318445
5065,0.30324173845080304,1.7497459231155406
2712,0.19565288379569287,1.0707450700406833
3035,0.7364752422579314,1.6964230900215267
5063,0.19647338201806713,1.7497459231155406
2936,0.23024291708733768,0.7078929087019602
2784,0.5264679332538129,1.843767973849791
2695,0.3099995431273366,0.44833913317619767
3818,0.6240956426709167,1.5047755041738464
3790,0.3021154405589538,1.345621040630829
3508,0.16474024542452526,1.53784671537481
3836,0.24857166797925315,0.5229673156876775
4995,0.16231663889456135,0.5599371962563873
3554,1.2608715269106892,1.2489329322758775
3150,1.152101851971294,1.8355313378189404
682,0.19907900485072252,1.6174429116160003
4056,1.2476467470947235,1.8495602812273804
3679,1.7112436235136614,2.268429788371504
4763,0.20719238089553785,1.065015353425261
4967,1.1451905805522216,2.0369575376955193
3753,0.8913715646127871,1.915772597554476
2817,0.3880440076596645,0.536885048065722
4831,0.8838546755530258,1.9276550813990008
4776,0.49981314609920097,1.6407220172800328
5149,0.38161358991127914,0.9057525638626475
4568,0.36871783597054564,0.8834646182923616
4386,1.2138614041295481,2.055769479806473
5047,0.1097846995838664,1.3254411192455668
2885,1.063389817813666,2.2803698642956527
3034,0.7496958414081416,1.6964230900215267
2728,0.3678092542199702,1.6621822878952635
2947,0.3356840454056984,0.6060468512781388
3544,1.1287620020040408,2.0569613505468674
3654,1.3147368946711049,1.5171142186269686
3008,0.3631417705401592,1.0147510133395827
4420,0.2537973652466764,0.3834360121353916
4979,1.058985535712313,1.6414184309386322
4302,0.9451952767290852,2.139770574822266
2911,1.3865287045154597,1.9612328011803657
3264,0.16194499160406142,0.3586711919650789
5117,0.7156668538671198,2.0043102085688758
4210,0.6364950493241144,1.5656161609821924
3019,0.48672010870979576,1.4375394749483732
4919,1.3083452090290444,1.8919874775063112
3902,0.9425310114408002,1.7823486558510226
4858,0.46718888904512557,0.7662704460885534
3241,0.1652393849004398,0.37962432916318445
4510,0.7927204387975089,1.5579357156692046
4972,0.9130096959105239,1.805279735123495
1509,0.6371064899268054,1.8671336247538397
5068,0.5933595374687102,1.4733733173419206
4102,0.08465746186293732,0.5470033563769937
3810,0.7629429991341581,1.1155071729204036
2870,1.3360654083107502,2.0186690040623483
3968,1.0048321831593612,1.5461715691463311
4515,0.6766934997551273,1.5579357156692046
3055,0.24503904863383125,1.3851096722766238
4069,1.0598209866947519,1.9013795862626355
3896,1.1769934528138242,1.6617207036215988
3692,1.154298950349185,2.0712993328223765
4692,0.21323361458917092,1.4182105252867196
4814,0.70485312109545,1.5732325461492718
4388,1.0351766300554253,1.4919481759679392
3294,0.1952289337884219,1.0548937915479017
3969,0.9973013541602003,1.6228024641870404
2924,1.3071637902379447,1.5960409463024843
4550,0.9669325119980662,1.1510461495303896
4657,1.2080734927342411,1.8771071766469962
3343,0.441632346077836,1.3488975519413557
3020,0.5675619978217757,1.3026498946049312
3693,0.976696857704645,2.0712993328223765
3626,0.6034218296095698,1.476638907579018
3093,0.34244747214458005,0.6685709403191691
3610,0.9213969952865172,1.3065405169383508
3045,0.6339053185280004,1.478020763686352
3840,0.45673995980387805,0.7831427197019796
4149,0.5883863667168766,0.6801779452130152
3210,1.3049491258929615,2.1748151967708154
2982,0.18368499202973138,0.5884994450706054
3177,0.666436588860132,1.9256804600281856
3520,0.1796987129339241,0.5189807028026547
4656,1.1717727334564954,1.8771071766469962
510,0.9077652481959502,1.571204326843458
4856,0.37540786586995406,0.7771191048680718
4501,0.6379246780266596,1.7572373547307518
4465,0.1061794536384472,1.3234575917442308
4553,0.8496626095613109,0.8640792446695544
4014,1.1862368361580249,2.1750197895567194
3911,1.1533369264895244,2.0143677234180206
4716,0.4231817534329737,0.6102296335510504
4178,0.25367047576864793,1.761192970709043
4464,0.1424539438646949,1.3234575917442308
3172,0.6825061967504589,1.739171481441877
4011,0.831188685420858,2.2229289562349437
4820,0.6916400262770989,1.4850161029886504
4671,1.3901703526795286,2.4380480099395023
2720,0.2566874873180776,1.0233679993274358
2846,0.6028706744426913,1.573790645134473
2845,0.9337824848975558,1.4924219302058817
2887,1.1437608506356602,2.1707484363873646
3316,0.9841530761054094,1.3315158976101051
3007,0.34530784368977435,1.0147510133395827
3541,1.1859290808912237,2.1290580577957403
5034,0.47356724817259516,0.44861278312730746
3686,1.601958808836187,2.036739305108821
4747,0.5151793449026453,0.0
3853,0.31583767205272,1.6918530852415732
3705,0.9324828232629112,2.032193701947092
3330,0.48080476822888335,1.4232565877388974
3188,0.9759000729485331,1.9795238121765417
4197,1.1005540622732997,1.959635938109004
3982,0.779112294351236,1.8390949302521462
2151,1.2415543875179698,1.8682625814303655
2894,0.940260122305465,2.0580099371014753
3122,0.9560821513237406,1.5041975365485918
4082,1.421835735325429,2.0058393539357056
2842,0.5337654427790981,1.583058187791276
4119,0.3088265144495887,0.4492012143389907
5129,1.3371125345815058,1.3290237219904362
4725,0.27373141945112767,0.6779986586471547
4494,0.5791501690994132,1.7613711261653429
3263,0.17422664129694035,0.3586711919650789
3640,0.6248531317803263,2.0197718845857033
3784,0.8800289622793332,1.6595298600978536
517,1.198850621045017,2.1366025814372183
4233,0.9355251438960074,1.5229604686229372
3629,0.4783941790723113,1.4782142303247654
3373,0.4624326494336789,0.7192348461064266
4276,0.6977087752652992,1.2971279304077032
686,0.2693623979251659,1.7302551761667384
4448,0.21258321522243978,0.3723952990733225
4977,1.2706130838784606,1.6414184309386322
5041,0.08001319551497915,1.3617155450837497
3392,0.35207955870951857,0.8459100399347699
3807,0.2463777236346073,0.7410027961330072
3719,0.8500420767166849,2.0677733479818294
4475,0.3293080804598748,1.2686920128502286
2690,0.15580677354249442,0.3457028006548177
3522,0.17536632978177616,0.6331967796205922
3079,0.5795641774638479,1.2315188795861465
2221,0.6253488617785369,0.7639380272779505
4200,1.0493972799089448,1.7807611550328497
4521,0.785517811874486,1.2018419830375147
4642,0.9369724127219176,1.6798958213480617
4647,0.6187030854736775,1.6798958213480617
3223,0.1367118515627492,1.3866033733492664
3354,0.41841598951848924,0.0
4835,0.8592226174146769,1.9170082257857846
3966,0.9253510908263868,1.5461715691463311
4780,0.657748212346391,1.5945674696441707
4158,0.12011216093353476,1.3009945172502604
4323,1.0430338689879441,2.378536219206863
3384,0.4163935618307727,0.8551278713273697
3598,0.8085573421405478,1.7629399123977378
3999,0.8648987615915225,1.964354421584209
4480,0.3061279367554282,1.699033765531871
4769,0.26331260718618144,1.5266175449187283
4236,0.7492558605808953,1.3067018785978046
3712,0.8469313067431574,1.983131059451817
4499,0.9283378733861061,1.7572373547307518
3153,0.9592126025861913,1.8355313378189404
4053,0.9183181257327646,1.714070557666341
3494,1.1252548653899073,1.3306841024909526
4660,0.8857164273734959,1.8771071766469962
4517,0.5530692735388172,1.4015131290337692
4093,0.1375163270263293,1.4332000534673928
3755,1.0149838178368489,1.9992610663920145
3230,0.22546793108607693,0.5388193144877549
5114,0.8339807443155532,1.8834031365143535
4078,0.8797539709414556,2.1353912220247424
