,cpu,voltage,label
0,-0.15,0.2,0
1,-0.15,0.2,0
2,-0.15,0.2,0
3,-0.15,0.2,0
4,-0.15,0.2,0
5,-0.15,0.2,0
6,-0.15,0.2,0
7,-0.15,0.2,0
8,-0.145,0.2,0
9,-0.135,0.215,0
10,-0.11,0.235,0
11,-0.08,0.24,0
12,-0.04,0.24,0
13,0.0,0.245,0
14,0.125,0.265,0
15,0.485,0.335,0
16,0.925,0.46,0
17,0.985,0.775,0
18,0.625,1.03,0
19,0.25,0.935,0
20,0.095,0.665,0
21,0.1,0.485,0
22,0.12,0.445,0
23,0.11,0.425,0
24,0.08,0.395,0
25,0.05,0.355,0
26,0.04,0.335,0
27,0.035,0.33,0
28,0.045,0.335,0
29,0.06,0.3,0
30,0.06,0.305,0
31,0.045,0.26,0
32,0.015,0.235,0
33,0.01,0.21,0
34,0.0,0.195,0
35,0.0,0.165,0
36,-0.02,0.165,1
37,-0.035,0.135,0
38,-0.065,0.115,0
39,-0.075,0.11,0
40,-0.11,0.11,0
41,-0.145,0.105,0
42,-0.18,0.085,0
43,-0.225,0.065,0
44,-0.27,0.035,0
45,-0.31,0.04,0
46,-0.38,0.03,0
47,-0.455,0.02,0
48,-0.51,-0.005,0
49,-0.565,-0.02,0
50,-0.62,-0.04,0
51,-0.665,-0.03,0
52,-0.705,-0.035,0
53,-0.75,-0.045,0
54,-0.79,-0.07,0
55,-0.83,-0.105,0
56,-0.86,-0.15,0
57,-0.88,-0.18,0
58,-0.885,-0.22,0
59,-0.9,-0.255,0
60,-0.9,-0.3,0
61,-0.895,-0.33,0
62,-0.885,-0.345,0
63,-0.87,-0.37,0
64,-0.855,-0.385,0
65,-0.845,-0.405,0
66,-0.825,-0.435,0
67,-0.82,-0.475,0
68,-0.8,-0.48,0
69,-0.77,-0.5,0
70,-0.72,-0.51,0
71,-0.655,-0.535,0
72,-0.61,-0.565,0
73,-0.58,-0.58,1
74,-0.55,-0.565,0
75,-0.49,-0.53,0
76,-0.445,-0.485,0
77,-0.38,-0.445,0
78,-0.345,-0.4,0
79,-0.31,-0.36,0
80,-0.3,-0.305,0
81,-0.27,-0.245,0
82,-0.235,-0.18,0
83,-0.225,-0.125,0
84,-0.215,-0.085,0
85,-0.22,-0.055,0
86,-0.225,-0.015,0
87,-0.22,0.02,0
88,-0.21,0.055,0
89,-0.2,0.085,0
90,-0.18,0.095,0
91,-0.19,0.095,0
92,-0.205,0.095,0
93,-0.205,0.11,0
94,-0.21,0.145,0
95,-0.205,0.155,0
96,-0.2,0.175,0
97,-0.2,0.185,0
98,-0.19,0.215,0
99,-0.175,0.245,0
100,-0.165,0.275,0
101,-0.13,0.295,0
102,-0.145,0.31,0
103,-0.125,0.315,0
104,-0.13,0.32,0
105,-0.115,0.335,0
106,-0.095,0.35,0
107,-0.085,0.345,0
108,-0.08,0.34,0
109,-0.08,0.335,0
110,-0.085,0.33,0
111,-0.075,0.345,0
112,-0.065,0.365,0
113,-0.05,0.36,0
114,-0.045,0.365,0
115,-0.05,0.35,0
116,-0.05,0.35,0
117,-0.045,0.36,0
118,-0.035,0.37,0
119,-0.015,0.385,0
120,-0.02,0.38,0
121,-0.035,0.375,0
122,-0.025,0.365,0
123,-0.03,0.37,0
124,-0.01,0.39,0
125,-0.01,0.39,0
126,0.005,0.395,0
127,-0.005,0.395,0
128,-0.005,0.385,0
129,-0.005,0.4,0
130,0.01,0.415,0
131,0.02,0.415,0
132,0.025,0.42,0
133,0.02,0.41,0
134,0.015,0.41,0
135,0.02,0.43,0
136,0.035,0.435,0
137,0.05,0.44,0
138,0.04,0.44,0
139,0.045,0.44,0
140,0.04,0.43,0
141,0.035,0.445,0
142,0.055,0.465,0
143,0.065,0.47,0
144,0.06,0.465,0
145,0.055,0.465,0
146,0.055,0.465,0
147,0.065,0.47,0
148,0.08,0.49,0
149,0.07,0.495,0
150,0.09,0.5,0
151,0.08,0.485,0
152,0.07,0.49,0
153,0.075,0.505,0
154,0.085,0.52,0
155,0.1,0.52,0
156,0.095,0.52,0
157,0.09,0.52,0
158,0.08,0.515,0
159,0.08,0.53,0
160,0.095,0.535,0
161,0.095,0.55,0
162,0.09,0.545,0
163,0.09,0.535,0
164,0.09,0.535,0
165,0.09,0.54,0
166,0.075,0.545,0
167,0.085,0.56,0
168,0.105,0.535,0
169,0.08,0.54,0
170,0.065,0.52,0
171,0.065,0.525,0
172,0.07,0.525,0
173,0.075,0.535,0
174,0.065,0.52,0
175,0.055,0.51,0
176,0.035,0.5,0
177,0.035,0.505,0
178,0.035,0.515,0
179,0.035,0.495,0
180,0.025,0.485,0
181,0.01,0.465,0
182,0.0,0.455,0
183,-0.02,0.465,0
184,-0.01,0.465,0
185,-0.015,0.47,0
186,-0.02,0.45,0
187,-0.05,0.44,0
188,-0.06,0.43,0
189,-0.06,0.425,0
190,-0.065,0.425,0
191,-0.065,0.42,0
192,-0.08,0.4,0
193,-0.095,0.38,0
194,-0.1,0.37,0
195,-0.095,0.375,0
196,-0.1,0.38,0
197,-0.09,0.375,0
198,-0.1,0.365,0
199,-0.11,0.345,0
200,-0.135,0.34,0
201,-0.135,0.33,0
202,-0.125,0.335,0
203,-0.12,0.33,0
204,-0.115,0.33,0
205,-0.135,0.31,0
206,-0.15,0.3,0
207,-0.145,0.295,0
208,-0.145,0.3,0
209,-0.135,0.305,0
210,-0.135,0.295,0
211,-0.145,0.29,0
212,-0.155,0.28,0
213,-0.15,0.285,0
214,-0.14,0.295,0
215,-0.14,0.29,0
216,-0.145,0.28,0
217,-0.15,0.28,0
218,-0.15,0.27,0
219,-0.17,0.29,0
220,-0.155,0.275,0
221,-0.145,0.285,0
222,-0.135,0.265,0
223,-0.15,0.275,0
224,-0.16,0.265,0
225,-0.155,0.275,0
226,-0.16,0.29,0
227,-0.135,0.275,0
228,-0.145,0.265,0
229,-0.15,0.26,0
230,-0.165,0.26,0
231,-0.155,0.26,0
232,-0.14,0.275,0
233,-0.135,0.27,0
234,-0.155,0.255,0
235,-0.15,0.26,0
236,-0.165,0.255,0
237,-0.165,0.25,0
238,-0.16,0.265,0
239,-0.15,0.27,0
240,-0.15,0.265,0
241,-0.15,0.245,0
242,-0.15,0.25,0
243,-0.175,0.255,0
244,-0.165,0.265,0
245,-0.155,0.265,0
246,-0.16,0.265,0
247,-0.17,0.265,0
248,-0.175,0.255,0
249,-0.185,0.255,0
250,-0.16,0.275,0
251,-0.16,0.265,0
252,-0.165,0.26,0
253,-0.18,0.25,0
254,-0.19,0.25,0
255,-0.195,0.255,0
256,-0.18,0.265,0
257,-0.18,0.26,0
258,-0.185,0.25,0
259,-0.195,0.245,0
260,-0.21,0.23,0
261,-0.205,0.245,0
262,-0.2,0.26,0
263,-0.2,0.245,0
264,-0.205,0.24,0
265,-0.22,0.225,0
266,-0.24,0.23,0
267,-0.23,0.235,0
268,-0.22,0.24,0
269,-0.215,0.24,0
270,-0.225,0.24,0
271,-0.225,0.23,0
272,-0.245,0.22,0
273,-0.235,0.23,0
274,-0.23,0.23,0
275,-0.215,0.225,0
276,-0.215,0.235,0
277,-0.235,0.205,0
278,-0.245,0.21,0
279,-0.235,0.22,0
280,-0.23,0.225,0
281,-0.225,0.225,0
282,-0.235,0.23,0
283,-0.25,0.21,0
284,-0.26,0.205,0
285,-0.25,0.215,0
286,-0.245,0.215,0
287,-0.23,0.235,0
288,-0.245,0.21,0
289,-0.25,0.205,0
290,-0.25,0.195,0
291,-0.255,0.215,0
292,-0.25,0.22,0
293,-0.245,0.22,0
294,-0.26,0.2,0
295,-0.25,0.2,0
296,-0.28,0.205,0
297,-0.26,0.21,0
298,-0.255,0.215,0
299,-0.255,0.22,0
300,-0.255,0.22,0
301,-0.25,0.215,0
302,-0.27,0.195,0
303,-0.26,0.215,0
304,-0.255,0.225,0
305,-0.24,0.225,0
306,-0.235,0.22,0
307,-0.23,0.215,0
308,-0.21,0.215,0
309,-0.205,0.23,0
310,-0.135,0.245,0
311,-0.04,0.275,0
312,0.205,0.315,0
313,0.63,0.415,0
314,0.845,0.695,0
315,0.63,1.0,0
316,0.26,0.98,1
317,0.06,0.71,0
318,0.045,0.495,0
319,0.05,0.42,0
320,0.03,0.415,0
321,0.005,0.41,0
322,-0.01,0.38,0
323,-0.04,0.37,0
324,-0.035,0.365,0
325,-0.04,0.34,0
326,-0.05,0.32,0
327,-0.045,0.32,0
328,-0.06,0.31,0
329,-0.055,0.28,0
330,-0.07,0.255,0
331,-0.09,0.21,0
332,-0.115,0.2,0
333,-0.12,0.185,0
334,-0.13,0.19,0
335,-0.135,0.16,0
336,-0.17,0.145,0
337,-0.22,0.12,0
338,-0.265,0.105,0
339,-0.3,0.09,0
340,-0.33,0.08,0
341,-0.35,0.045,0
342,-0.4,0.03,0
343,-0.465,0.0,0
344,-0.565,-0.015,0
345,-0.63,-0.025,0
346,-0.67,-0.045,0
347,-0.71,-0.04,0
348,-0.75,-0.055,0
349,-0.81,-0.085,0
350,-0.87,-0.11,0
351,-0.905,-0.13,0
352,-0.92,-0.15,0
353,-0.925,-0.195,0
354,-0.93,-0.26,0
355,-0.935,-0.295,0
356,-0.945,-0.335,0
357,-0.935,-0.34,0
358,-0.915,-0.355,0
359,-0.905,-0.395,0
360,-0.895,-0.44,0
361,-0.905,-0.47,0
362,-0.91,-0.51,0
363,-0.88,-0.525,0
364,-0.865,-0.545,0
365,-0.84,-0.58,0
366,-0.8,-0.625,0
367,-0.75,-0.65,0
368,-0.705,-0.67,0
369,-0.66,-0.635,0
370,-0.61,-0.6,0
371,-0.565,-0.57,0
372,-0.52,-0.535,0
373,-0.48,-0.505,0
374,-0.455,-0.445,0
375,-0.405,-0.38,0
376,-0.385,-0.33,0
377,-0.35,-0.27,0
378,-0.33,-0.225,0
379,-0.325,-0.18,0
380,-0.325,-0.15,0
381,-0.32,-0.1,0
382,-0.295,-0.065,0
383,-0.285,-0.04,0
384,-0.275,-0.005,0
385,-0.265,-0.01,0
386,-0.26,0.005,0
387,-0.255,0.03,0
388,-0.26,0.055,0
389,-0.27,0.08,0
390,-0.26,0.085,0
391,-0.265,0.09,0
392,-0.265,0.12,0
393,-0.265,0.145,0
394,-0.245,0.18,0
395,-0.23,0.21,0
396,-0.2,0.22,0
397,-0.2,0.23,0
398,-0.2,0.25,0
399,-0.185,0.28,0
400,-0.175,0.305,0
401,-0.155,0.305,0
402,-0.16,0.305,0
403,-0.145,0.315,0
404,-0.15,0.3,0
405,-0.145,0.31,0
406,-0.135,0.32,0
407,-0.13,0.325,0
408,-0.125,0.335,0
409,-0.125,0.325,0
410,-0.135,0.32,0
411,-0.125,0.325,0
412,-0.12,0.345,0
413,-0.105,0.345,0
414,-0.105,0.345,0
415,-0.11,0.335,0
416,-0.115,0.335,0
417,-0.11,0.355,0
418,-0.095,0.375,0
419,-0.09,0.37,0
420,-0.09,0.375,0
421,-0.09,0.365,0
422,-0.095,0.37,0
423,-0.1,0.37,0
424,-0.085,0.38,0
425,-0.065,0.39,0
426,-0.07,0.385,0
427,-0.095,0.38,0
428,-0.08,0.385,0
429,-0.085,0.395,0
430,-0.08,0.41,0
431,-0.06,0.405,0
432,-0.05,0.405,0
433,-0.07,0.4,0
434,-0.07,0.405,0
435,-0.07,0.42,0
436,-0.06,0.43,0
437,-0.045,0.44,0
438,-0.055,0.435,0
439,-0.055,0.435,0
440,-0.055,0.435,0
441,-0.05,0.46,0
442,-0.045,0.465,0
443,-0.025,0.47,0
444,-0.03,0.475,0
445,-0.03,0.465,0
446,-0.05,0.475,0
447,-0.04,0.485,0
448,-0.03,0.5,0
449,-0.005,0.505,0
450,0.0,0.505,0
451,-0.005,0.5,0
452,-0.02,0.5,0
453,-0.015,0.515,0
454,0.0,0.525,0
455,0.01,0.525,0
456,0.005,0.525,0
457,0.01,0.525,0
458,0.0,0.52,0
459,-0.005,0.535,0
460,0.015,0.54,0
461,0.015,0.55,0
462,0.015,0.545,0
463,0.005,0.54,0
464,0.0,0.535,0
465,-0.005,0.54,0
466,-0.005,0.54,0
467,0.005,0.54,0
468,0.0,0.53,0
469,-0.015,0.52,0
470,-0.03,0.51,0
471,-0.035,0.515,0
472,-0.035,0.52,0
473,-0.035,0.505,0
474,-0.04,0.5,0
475,-0.06,0.48,0
476,-0.08,0.47,0
477,-0.08,0.47,0
478,-0.08,0.47,0
479,-0.075,0.46,0
480,-0.09,0.455,0
481,-0.1,0.435,0
482,-0.12,0.425,0
483,-0.12,0.415,0
484,-0.115,0.415,0
485,-0.115,0.41,0
486,-0.125,0.39,0
487,-0.145,0.375,0
488,-0.16,0.355,0
489,-0.16,0.365,0
490,-0.15,0.37,0
491,-0.16,0.355,0
492,-0.155,0.355,0
493,-0.17,0.335,0
494,-0.175,0.315,0
495,-0.175,0.315,0
496,-0.18,0.335,0
497,-0.175,0.33,0
498,-0.175,0.315,0
499,-0.185,0.295,0
500,-0.2,0.29,0
501,-0.21,0.3,0
502,-0.19,0.305,0
503,-0.19,0.305,0
504,-0.19,0.295,0
505,-0.195,0.28,0
506,-0.215,0.26,0
507,-0.215,0.28,0
508,-0.2,0.275,0
509,-0.195,0.275,0
510,-0.205,0.28,0
511,-0.22,0.25,0
512,-0.235,0.24,0
513,-0.22,0.265,0
514,-0.215,0.27,0
515,-0.205,0.27,0
516,-0.21,0.25,0
517,-0.225,0.24,0
518,-0.235,0.225,0
519,-0.24,0.26,0
520,-0.23,0.26,0
521,-0.225,0.27,0
522,-0.23,0.26,0
523,-0.245,0.24,0
524,-0.235,0.24,0
525,-0.245,0.245,0
526,-0.235,0.245,0
527,-0.235,0.255,0
528,-0.23,0.25,0
529,-0.24,0.235,0
530,-0.26,0.24,0
531,-0.26,0.245,0
532,-0.26,0.25,0
533,-0.25,0.25,0
534,-0.265,0.255,0
535,-0.27,0.235,0
536,-0.28,0.24,0
537,-0.265,0.235,0
538,-0.26,0.25,0
539,-0.255,0.245,0
540,-0.265,0.24,0
541,-0.275,0.23,0
542,-0.285,0.22,0
543,-0.285,0.23,0
544,-0.275,0.24,0
545,-0.265,0.23,0
546,-0.27,0.23,0
547,-0.275,0.23,0
548,-0.29,0.21,0
549,-0.285,0.23,0
550,-0.29,0.23,0
551,-0.275,0.235,0
552,-0.27,0.225,0
553,-0.285,0.2,0
554,-0.31,0.2,0
555,-0.305,0.21,0
556,-0.31,0.23,0
557,-0.295,0.21,0
558,-0.295,0.22,0
559,-0.295,0.205,0
560,-0.31,0.195,0
561,-0.305,0.195,0
562,-0.3,0.205,0
563,-0.295,0.205,0
564,-0.3,0.19,0
565,-0.315,0.19,0
566,-0.32,0.19,0
567,-0.31,0.185,0
568,-0.305,0.2,0
569,-0.305,0.19,0
570,-0.315,0.195,0
571,-0.32,0.185,0
572,-0.335,0.175,0
573,-0.325,0.185,0
574,-0.315,0.195,0
575,-0.315,0.195,0
576,-0.305,0.195,0
577,-0.315,0.185,0
578,-0.32,0.175,0
579,-0.32,0.18,0
580,-0.31,0.195,0
581,-0.31,0.19,0
582,-0.325,0.19,0
583,-0.315,0.175,0
584,-0.32,0.165,0
585,-0.32,0.185,0
586,-0.33,0.185,0
587,-0.31,0.18,0
588,-0.305,0.18,0
589,-0.32,0.17,0
590,-0.325,0.175,0
591,-0.32,0.17,0
592,-0.31,0.175,0
593,-0.305,0.18,0
594,-0.315,0.175,0
595,-0.325,0.16,0
596,-0.33,0.155,0
597,-0.32,0.175,0
598,-0.31,0.18,0
599,-0.305,0.175,0
600,-0.295,0.175,0
601,-0.295,0.17,0
602,-0.305,0.17,0
603,-0.3,0.175,0
604,-0.275,0.18,0
605,-0.27,0.185,0
606,-0.27,0.185,0
607,-0.26,0.185,0
608,-0.24,0.195,0
609,-0.165,0.2,0
610,-0.005,0.24,0
611,0.32,0.28,0
612,0.77,0.415,0
613,0.905,0.705,0
614,0.565,0.965,0
615,0.16,0.905,1
616,-0.015,0.645,0
617,-0.005,0.445,0
618,0.015,0.39,0
619,-0.025,0.365,0
620,-0.075,0.345,0
621,-0.085,0.33,0
622,-0.085,0.315,0
623,-0.08,0.305,0
624,-0.085,0.29,0
625,-0.08,0.255,0
626,-0.095,0.235,0
627,-0.105,0.21,0
628,-0.11,0.18,0
629,-0.13,0.16,0
630,-0.145,0.12,0
631,-0.185,0.09,0
632,-0.195,0.075,0
633,-0.21,0.065,0
634,-0.235,0.06,0
635,-0.265,0.03,0
636,-0.305,0.01,0
637,-0.36,-0.015,0
638,-0.41,-0.04,0
639,-0.46,-0.05,0
640,-0.51,-0.065,0
641,-0.595,-0.095,0
642,-0.695,-0.11,0
643,-0.765,-0.125,0
644,-0.83,-0.145,0
645,-0.865,-0.155,0
646,-0.92,-0.15,0
647,-0.965,-0.17,0
648,-0.995,-0.195,0
649,-1.015,-0.235,0
650,-1.045,-0.29,0
651,-1.05,-0.325,0
652,-1.035,-0.365,0
653,-1.025,-0.395,0
654,-1.045,-0.4,0
655,-1.045,-0.45,0
656,-1.04,-0.48,0
657,-1.02,-0.515,0
658,-1.005,-0.545,0
659,-0.97,-0.58,0
660,-0.93,-0.595,0
661,-0.91,-0.64,0
662,-0.87,-0.67,0
663,-0.805,-0.68,0
664,-0.735,-0.67,0
665,-0.685,-0.64,0
666,-0.63,-0.605,0
667,-0.585,-0.555,0
668,-0.545,-0.505,0
669,-0.495,-0.43,0
670,-0.46,-0.36,0
671,-0.425,-0.295,0
672,-0.4,-0.235,0
673,-0.385,-0.185,0
674,-0.385,-0.135,0
675,-0.375,-0.085,0
676,-0.345,-0.045,0
677,-0.335,0.0,0
678,-0.315,0.015,0
679,-0.31,0.03,0
680,-0.325,0.045,0
681,-0.31,0.075,0
682,-0.295,0.09,0
683,-0.285,0.11,0
684,-0.29,0.105,0
685,-0.285,0.12,0
686,-0.28,0.155,0
687,-0.27,0.19,0
688,-0.225,0.22,0
689,-0.185,0.235,0
690,-0.18,0.26,0
691,-0.175,0.27,0
692,-0.175,0.285,0
693,-0.17,0.3,0
694,-0.135,0.315,0
695,-0.11,0.305,0
696,-0.09,0.32,0
697,-0.08,0.305,0
698,-0.085,0.31,0
699,-0.06,0.325,0
700,-0.065,0.355,0
701,-0.07,0.35,0
702,-0.08,0.345,0
703,-0.095,0.33,0
704,-0.105,0.32,0
705,-0.1,0.335,0
706,-0.105,0.35,0
707,-0.09,0.355,0
708,-0.09,0.355,0
709,-0.095,0.345,0
710,-0.1,0.34,0
711,-0.1,0.345,0
712,-0.08,0.37,0
713,-0.07,0.37,0
714,-0.075,0.375,0
715,-0.09,0.375,0
716,-0.1,0.365,0
717,-0.095,0.37,0
718,-0.085,0.385,0
719,-0.06,0.395,0
720,-0.05,0.395,0
721,-0.06,0.395,0
722,-0.055,0.395,0
723,-0.04,0.4,0
724,-0.03,0.425,0
725,-0.02,0.425,0
726,-0.015,0.43,0
727,-0.04,0.43,0
728,-0.05,0.425,0
729,-0.045,0.44,0
730,-0.03,0.46,0
731,-0.005,0.475,0
732,-0.005,0.47,0
733,-0.025,0.455,0
734,-0.03,0.47,0
735,-0.005,0.485,0
736,0.0,0.5,0
737,0.0,0.505,0
738,0.015,0.5,0
739,0.01,0.495,0
740,-0.005,0.515,0
741,0.02,0.515,0
742,0.03,0.545,0
743,0.03,0.55,0
744,0.06,0.535,0
745,0.065,0.53,0
746,0.03,0.53,0
747,0.045,0.545,0
748,0.055,0.55,0
749,0.05,0.555,0
750,0.05,0.55,0
751,0.045,0.53,0
752,0.025,0.53,0
753,0.03,0.54,0
754,0.035,0.54,0
755,0.035,0.545,0
756,0.03,0.54,0
757,0.01,0.52,0
758,0.0,0.505,0
759,-0.015,0.505,0
760,0.005,0.525,0
761,-0.005,0.505,0
762,-0.02,0.48,0
763,-0.03,0.47,0
764,-0.055,0.46,0
765,-0.05,0.46,0
766,-0.065,0.46,0
767,-0.07,0.435,0
768,-0.095,0.44,0
769,-0.11,0.41,0
770,-0.125,0.4,0
771,-0.12,0.395,0
772,-0.13,0.4,0
773,-0.11,0.395,0
774,-0.115,0.37,0
775,-0.125,0.35,0
776,-0.155,0.35,0
777,-0.16,0.34,0
778,-0.17,0.34,0
779,-0.175,0.33,0
780,-0.18,0.325,0
781,-0.19,0.3,0
782,-0.2,0.295,0
783,-0.205,0.295,0
784,-0.195,0.295,0
785,-0.19,0.285,0
786,-0.19,0.265,0
787,-0.2,0.26,0
788,-0.2,0.265,0
789,-0.205,0.255,0
790,-0.205,0.26,0
791,-0.19,0.255,0
792,-0.2,0.245,0
793,-0.195,0.225,0
794,-0.21,0.215,0
795,-0.225,0.22,0
796,-0.225,0.235,0
797,-0.22,0.22,0
798,-0.225,0.21,0
799,-0.265,0.2,0
800,-0.27,0.19,0
801,-0.255,0.2,0
802,-0.24,0.215,0
803,-0.235,0.22,0
804,-0.245,0.205,0
805,-0.25,0.195,0
806,-0.265,0.195,0
807,-0.26,0.195,0
808,-0.275,0.2,0
809,-0.265,0.205,0
810,-0.255,0.19,0
811,-0.255,0.18,0
812,-0.275,0.175,0
813,-0.255,0.195,0
814,-0.255,0.2,0
815,-0.26,0.195,0
816,-0.26,0.195,0
817,-0.27,0.19,0
818,-0.27,0.185,0
819,-0.27,0.185,0
820,-0.26,0.2,0
821,-0.265,0.195,0
822,-0.275,0.195,0
823,-0.28,0.18,0
824,-0.3,0.175,0
825,-0.29,0.18,0
826,-0.29,0.19,0
827,-0.285,0.19,0
828,-0.285,0.185,0
829,-0.3,0.185,0
830,-0.32,0.17,0
831,-0.295,0.175,0
832,-0.29,0.195,0
833,-0.29,0.19,0
834,-0.3,0.175,0
835,-0.315,0.165,0
836,-0.32,0.16,0
837,-0.315,0.165,0
838,-0.31,0.175,0
839,-0.305,0.175,0
840,-0.305,0.17,0
841,-0.32,0.16,0
842,-0.32,0.145,0
843,-0.32,0.145,0
844,-0.305,0.16,0
845,-0.3,0.165,0
846,-0.305,0.165,0
847,-0.315,0.145,0
848,-0.32,0.135,0
849,-0.325,0.155,0
850,-0.335,0.16,0
851,-0.33,0.145,0
852,-0.33,0.145,0
853,-0.32,0.13,0
854,-0.33,0.13,0
855,-0.33,0.14,0
856,-0.315,0.14,0
857,-0.325,0.135,0
858,-0.325,0.135,0
859,-0.33,0.115,0
860,-0.335,0.115,0
861,-0.325,0.13,0
862,-0.315,0.135,0
863,-0.31,0.135,0
864,-0.315,0.135,0
865,-0.325,0.12,0
866,-0.345,0.12,0
867,-0.35,0.12,0
868,-0.34,0.135,0
869,-0.33,0.125,0
870,-0.325,0.135,0
871,-0.325,0.11,0
872,-0.33,0.105,0
873,-0.34,0.12,0
874,-0.335,0.135,0
875,-0.325,0.13,0
876,-0.325,0.13,0
877,-0.325,0.12,0
878,-0.335,0.115,0
879,-0.34,0.125,0
880,-0.33,0.125,0
881,-0.32,0.12,0
882,-0.31,0.12,0
883,-0.32,0.11,0
884,-0.335,0.115,0
885,-0.33,0.115,0
886,-0.32,0.115,0
887,-0.315,0.125,0
888,-0.29,0.13,0
889,-0.31,0.12,0
890,-0.315,0.12,0
891,-0.3,0.125,0
892,-0.28,0.135,0
893,-0.27,0.135,0
894,-0.255,0.125,0
895,-0.225,0.13,0
896,-0.165,0.15,0
897,0.02,0.17,0
898,0.445,0.23,0
899,0.8,0.47,0
900,0.66,0.815,0
901,0.245,0.835,1
902,-0.02,0.56,0
903,-0.055,0.355,0
904,-0.015,0.32,0
905,0.0,0.32,0
906,-0.03,0.295,0
907,-0.05,0.26,0
908,-0.08,0.235,0
909,-0.08,0.24,0
910,-0.07,0.24,0
911,-0.05,0.22,0
912,-0.065,0.185,0
913,-0.07,0.155,0
914,-0.095,0.105,0
915,-0.095,0.08,0
916,-0.105,0.075,0
917,-0.105,0.055,0
918,-0.1,0.03,0
919,-0.14,0.005,0
920,-0.175,-0.015,0
921,-0.21,-0.025,0
922,-0.245,-0.03,0
923,-0.28,-0.06,0
924,-0.325,-0.09,0
925,-0.385,-0.12,0
926,-0.475,-0.135,0
927,-0.565,-0.145,0
928,-0.65,-0.145,0
929,-0.7,-0.16,0
930,-0.75,-0.17,0
931,-0.825,-0.2,0
932,-0.895,-0.21,0
933,-0.945,-0.23,0
934,-0.97,-0.25,0
935,-0.99,-0.305,0
936,-0.995,-0.35,0
937,-1.01,-0.405,0
938,-1.035,-0.43,0
939,-1.03,-0.44,0
940,-1.04,-0.455,0
941,-1.005,-0.485,0
942,-1.01,-0.53,0
943,-0.99,-0.56,0
944,-0.985,-0.59,0
945,-0.95,-0.615,0
946,-0.895,-0.635,0
947,-0.83,-0.67,0
948,-0.755,-0.68,0
949,-0.725,-0.67,0
950,-0.685,-0.64,0
951,-0.635,-0.59,0
952,-0.56,-0.54,0
953,-0.515,-0.48,0
954,-0.455,-0.43,0
955,-0.44,-0.375,0
956,-0.415,-0.315,0
957,-0.39,-0.245,0
958,-0.365,-0.185,0
959,-0.345,-0.15,0
960,-0.34,-0.11,0
961,-0.325,-0.08,0
962,-0.33,-0.065,0
963,-0.3,-0.03,0
964,-0.305,0.005,0
965,-0.295,0.02,0
966,-0.29,0.03,0
967,-0.305,0.03,0
968,-0.315,0.035,0
969,-0.31,0.075,0
970,-0.3,0.1,0
971,-0.29,0.12,0
972,-0.27,0.13,0
973,-0.255,0.15,0
974,-0.25,0.175,0
975,-0.22,0.195,0
976,-0.215,0.23,0
977,-0.2,0.24,0
978,-0.19,0.245,0
979,-0.175,0.235,0
980,-0.195,0.235,0
981,-0.17,0.24,0
982,-0.165,0.255,0
983,-0.16,0.27,0
984,-0.15,0.26,0
985,-0.165,0.245,0
986,-0.165,0.255,0
987,-0.15,0.255,0
988,-0.145,0.285,0
989,-0.135,0.28,0
990,-0.14,0.275,0
991,-0.135,0.27,0
992,-0.15,0.275,0
993,-0.135,0.285,0
994,-0.11,0.3,0
995,-0.11,0.295,0
996,-0.105,0.3,0
997,-0.11,0.28,0
998,-0.125,0.285,0
999,-0.105,0.32,0
1000,-0.1,0.32,0
1001,-0.095,0.32,0
1002,-0.1,0.32,0
1003,-0.11,0.315,0
1004,-0.105,0.325,0
1005,-0.1,0.335,0
1006,-0.085,0.345,0
1007,-0.07,0.345,0
1008,-0.08,0.34,0
1009,-0.085,0.35,0
1010,-0.08,0.365,0
1011,-0.07,0.39,0
1012,-0.05,0.39,0
1013,-0.045,0.4,0
1014,-0.06,0.395,0
1015,-0.06,0.395,0
1016,-0.07,0.415,0
1017,-0.05,0.435,0
1018,-0.035,0.435,0
1019,-0.035,0.445,0
1020,-0.04,0.435,0
1021,-0.055,0.44,0
1022,-0.035,0.46,0
1023,-0.03,0.475,0
1024,-0.015,0.475,0
1025,-0.005,0.47,0
1026,-0.005,0.46,0
1027,-0.005,0.455,0
1028,0.005,0.465,0
1029,0.015,0.48,0
1030,0.025,0.475,0
1031,0.04,0.485,0
1032,0.025,0.47,0
1033,0.025,0.47,0
1034,0.04,0.48,0
1035,0.05,0.485,0
1036,0.065,0.485,0
1037,0.07,0.485,0
1038,0.07,0.48,0
1039,0.065,0.475,0
1040,0.07,0.485,0
1041,0.085,0.485,0
1042,0.1,0.49,0
1043,0.11,0.485,0
1044,0.1,0.47,0
1045,0.08,0.48,0
1046,0.085,0.475,0
1047,0.075,0.48,0
1048,0.06,0.47,0
1049,0.035,0.445,0
1050,0.015,0.43,0
1051,0.0,0.425,0
1052,-0.01,0.415,0
1053,-0.005,0.425,0
1054,-0.02,0.41,0
1055,-0.03,0.395,0
1056,-0.05,0.375,0
1057,-0.08,0.37,0
1058,-0.085,0.355,0
1059,-0.08,0.35,0
1060,-0.065,0.355,0
1061,-0.08,0.33,0
1062,-0.095,0.315,0
1063,-0.105,0.305,0
1064,-0.115,0.305,0
1065,-0.11,0.315,0
1066,-0.11,0.29,0
1067,-0.12,0.285,0
1068,-0.125,0.275,0
1069,-0.145,0.25,0
1070,-0.14,0.255,0
1071,-0.135,0.26,0
1072,-0.135,0.255,0
1073,-0.14,0.235,0
1074,-0.155,0.24,0
1075,-0.17,0.21,0
1076,-0.165,0.22,0
1077,-0.15,0.225,0
1078,-0.15,0.22,0
1079,-0.17,0.205,0
1080,-0.175,0.195,0
1081,-0.175,0.185,0
1082,-0.175,0.19,0
1083,-0.17,0.205,0
1084,-0.17,0.185,0
1085,-0.165,0.185,0
1086,-0.165,0.17,0
1087,-0.19,0.16,0
1088,-0.19,0.175,0
1089,-0.19,0.185,0
1090,-0.175,0.18,0
1091,-0.175,0.16,0
1092,-0.19,0.155,0
1093,-0.2,0.155,0
1094,-0.19,0.155,0
1095,-0.19,0.165,0
1096,-0.195,0.175,0
1097,-0.195,0.175,0
1098,-0.205,0.155,0
1099,-0.21,0.145,0
1100,-0.195,0.155,0
1101,-0.2,0.17,0
1102,-0.18,0.155,0
1103,-0.185,0.155,0
1104,-0.19,0.145,0
1105,-0.2,0.15,0
1106,-0.2,0.155,0
1107,-0.2,0.155,0
1108,-0.185,0.15,0
1109,-0.21,0.14,0
1110,-0.21,0.135,0
1111,-0.215,0.13,0
1112,-0.21,0.14,0
1113,-0.21,0.145,0
1114,-0.21,0.15,0
1115,-0.215,0.14,0
1116,-0.21,0.125,0
1117,-0.24,0.135,0
1118,-0.23,0.145,0
1119,-0.215,0.155,0
1120,-0.215,0.16,0
1121,-0.22,0.145,0
1122,-0.23,0.14,0
1123,-0.24,0.125,0
1124,-0.24,0.14,0
1125,-0.24,0.14,0
1126,-0.225,0.14,0
1127,-0.225,0.135,0
1128,-0.24,0.125,0
1129,-0.245,0.115,0
1130,-0.245,0.135,0
1131,-0.245,0.14,0
1132,-0.24,0.12,0
1133,-0.24,0.12,0
1134,-0.255,0.115,0
1135,-0.255,0.12,0
1136,-0.255,0.125,0
1137,-0.25,0.12,0
1138,-0.24,0.11,0
1139,-0.24,0.11,0
1140,-0.25,0.1,0
1141,-0.255,0.095,0
1142,-0.26,0.105,0
1143,-0.245,0.115,0
1144,-0.245,0.12,0
1145,-0.255,0.11,0
1146,-0.265,0.095,0
1147,-0.265,0.09,0
1148,-0.265,0.105,0
1149,-0.26,0.115,0
1150,-0.255,0.115,0
1151,-0.25,0.11,0
1152,-0.26,0.1,0
1153,-0.285,0.095,0
1154,-0.27,0.11,0
1155,-0.265,0.105,0
1156,-0.27,0.11,0
1157,-0.26,0.105,0
1158,-0.27,0.095,0
1159,-0.275,0.09,0
1160,-0.275,0.095,0
1161,-0.26,0.1,0
1162,-0.26,0.1,0
1163,-0.265,0.1,0
1164,-0.27,0.085,0
1165,-0.275,0.09,0
1166,-0.27,0.085,0
1167,-0.275,0.105,0
1168,-0.26,0.11,0
1169,-0.26,0.1,0
1170,-0.275,0.09,0
1171,-0.28,0.095,0
1172,-0.28,0.1,0
1173,-0.265,0.1,0
1174,-0.255,0.115,0
1175,-0.25,0.1,0
1176,-0.26,0.095,0
1177,-0.26,0.095,0
1178,-0.255,0.095,0
1179,-0.24,0.12,0
1180,-0.215,0.115,0
1181,-0.195,0.11,0
1182,-0.15,0.115,0
1183,-0.04,0.125,0
1184,0.31,0.155,0
1185,0.79,0.285,0
1186,0.88,0.63,0
1187,0.48,0.825,0
1188,0.095,0.625,1
1189,-0.025,0.385,0
1190,0.005,0.29,0
1191,0.025,0.29,0
1192,0.025,0.29,0
1193,0.0,0.255,0
1194,-0.035,0.23,0
1195,-0.05,0.22,0
1196,-0.045,0.21,0
1197,-0.045,0.205,0
1198,-0.04,0.17,0
1199,-0.05,0.135,0
1200,-0.085,0.095,0
1201,-0.095,0.075,0
1202,-0.11,0.06,0
1203,-0.12,0.045,0
1204,-0.13,0.035,0
1205,-0.16,0.01,0
1206,-0.215,-0.025,0
1207,-0.27,-0.03,0
1208,-0.315,-0.055,0
1209,-0.345,-0.065,0
1210,-0.4,-0.09,0
1211,-0.475,-0.12,0
1212,-0.57,-0.14,0
1213,-0.66,-0.145,0
1214,-0.72,-0.145,0
1215,-0.765,-0.155,0
1216,-0.82,-0.165,0
1217,-0.885,-0.195,0
1218,-0.945,-0.25,0
1219,-0.975,-0.31,0
1220,-0.985,-0.36,0
1221,-1.005,-0.39,0
1222,-0.99,-0.44,0
1223,-1.0,-0.47,0
1224,-1.005,-0.515,0
1225,-1.015,-0.565,0
1226,-1.005,-0.595,0
1227,-0.99,-0.64,0
1228,-0.96,-0.68,0
1229,-0.93,-0.705,0
1230,-0.895,-0.755,0
1231,-0.84,-0.765,0
1232,-0.775,-0.755,0
1233,-0.705,-0.725,0
1234,-0.65,-0.69,0
1235,-0.59,-0.66,0
1236,-0.55,-0.615,0
1237,-0.51,-0.56,0
1238,-0.475,-0.49,0
1239,-0.43,-0.425,0
1240,-0.395,-0.365,0
1241,-0.375,-0.315,0
1242,-0.37,-0.275,0
1243,-0.375,-0.23,0
1244,-0.365,-0.185,0
1245,-0.345,-0.15,0
1246,-0.32,-0.125,0
1247,-0.3,-0.1,0
1248,-0.295,-0.085,0
1249,-0.3,-0.08,0
1250,-0.305,-0.045,0
1251,-0.295,-0.02,0
1252,-0.28,-0.005,0
1253,-0.275,0.01,0
1254,-0.28,0.025,0
1255,-0.28,0.045,0
1256,-0.275,0.085,0
1257,-0.245,0.12,0
1258,-0.215,0.145,0
1259,-0.205,0.16,0
1260,-0.21,0.175,0
1261,-0.225,0.175,0
1262,-0.21,0.19,0
1263,-0.19,0.215,0
1264,-0.165,0.205,0
1265,-0.16,0.2,0
1266,-0.165,0.2,0
1267,-0.17,0.22,0
1268,-0.155,0.22,0
1269,-0.16,0.22,0
1270,-0.145,0.225,0
1271,-0.145,0.225,0
1272,-0.16,0.225,0
1273,-0.155,0.22,0
1274,-0.145,0.225,0
1275,-0.125,0.245,0
1276,-0.125,0.245,0
1277,-0.12,0.25,0
1278,-0.12,0.245,0
1279,-0.13,0.245,0
1280,-0.115,0.265,0
1281,-0.105,0.265,0
1282,-0.105,0.265,0
1283,-0.1,0.26,0
1284,-0.105,0.255,0
1285,-0.11,0.265,0
1286,-0.11,0.28,0
1287,-0.085,0.29,0
1288,-0.075,0.285,0
1289,-0.09,0.285,0
1290,-0.07,0.285,0
1291,-0.09,0.28,0
1292,-0.07,0.3,0
1293,-0.065,0.315,0
1294,-0.05,0.33,0
1295,-0.06,0.32,0
1296,-0.055,0.325,0
1297,-0.055,0.335,0
1298,-0.05,0.335,0
1299,-0.03,0.36,0
1300,-0.03,0.355,0
1301,-0.015,0.36,0
1302,-0.01,0.36,0
1303,-0.02,0.365,0
1304,-0.015,0.38,0
1305,-0.005,0.4,0
1306,0.005,0.395,0
1307,0.005,0.395,0
1308,0.005,0.4,0
1309,0.005,0.405,0
1310,0.01,0.415,0
1311,0.025,0.435,0
1312,0.045,0.44,0
1313,0.04,0.435,0
1314,0.035,0.425,0
1315,0.045,0.44,0
1316,0.035,0.45,0
1317,0.05,0.465,0
1318,0.045,0.455,0
1319,0.06,0.455,0
1320,0.055,0.45,0
1321,0.03,0.445,0
1322,0.04,0.46,0
1323,0.045,0.47,0
1324,0.06,0.45,0
1325,0.055,0.455,0
1326,0.03,0.44,0
1327,0.025,0.435,0
1328,0.025,0.435,0
1329,0.03,0.445,0
1330,0.025,0.43,0
1331,0.005,0.42,0
1332,0.0,0.41,0
1333,-0.02,0.405,0
1334,-0.015,0.415,0
1335,-0.01,0.415,0
1336,-0.02,0.405,0
1337,-0.025,0.385,0
1338,-0.05,0.355,0
1339,-0.055,0.36,0
1340,-0.06,0.355,0
1341,-0.065,0.36,0
1342,-0.07,0.35,0
1343,-0.075,0.325,0
1344,-0.085,0.305,0
1345,-0.11,0.29,0
1346,-0.11,0.3,0
1347,-0.105,0.3,0
1348,-0.105,0.285,0
1349,-0.12,0.275,0
1350,-0.135,0.245,0
1351,-0.145,0.24,0
1352,-0.145,0.245,0
1353,-0.145,0.25,0
1354,-0.13,0.235,0
1355,-0.15,0.22,0
1356,-0.15,0.2,0
1357,-0.16,0.2,0
1358,-0.17,0.205,0
1359,-0.16,0.22,0
1360,-0.15,0.21,0
1361,-0.165,0.2,0
1362,-0.165,0.195,0
1363,-0.185,0.185,0
1364,-0.19,0.19,0
1365,-0.18,0.205,0
1366,-0.185,0.215,0
1367,-0.185,0.195,0
1368,-0.195,0.19,0
1369,-0.21,0.18,0
1370,-0.215,0.205,0
1371,-0.2,0.195,0
1372,-0.205,0.19,0
1373,-0.195,0.175,0
1374,-0.21,0.17,0
1375,-0.215,0.16,0
1376,-0.21,0.165,0
1377,-0.2,0.16,0
1378,-0.19,0.155,0
1379,-0.18,0.14,0
1380,-0.175,0.145,0
1381,-0.185,0.13,0
1382,-0.2,0.13,0
1383,-0.195,0.14,0
1384,-0.18,0.145,0
1385,-0.185,0.13,0
1386,-0.185,0.13,0
1387,-0.195,0.13,0
1388,-0.185,0.145,0
1389,-0.175,0.155,0
1390,-0.165,0.145,0
1391,-0.145,0.14,0
1392,-0.155,0.13,0
1393,-0.16,0.125,0
1394,-0.15,0.14,0
1395,-0.155,0.15,0
1396,-0.155,0.155,0
1397,-0.155,0.14,0
1398,-0.19,0.125,0
1399,-0.21,0.105,0
1400,-0.215,0.12,0
1401,-0.215,0.125,0
1402,-0.21,0.115,0
1403,-0.215,0.105,0
1404,-0.235,0.1,0
1405,-0.25,0.09,0
1406,-0.255,0.09,0
1407,-0.245,0.095,0
1408,-0.255,0.09,0
1409,-0.25,0.09,0
1410,-0.26,0.075,0
1411,-0.28,0.075,0
1412,-0.27,0.075,0
1413,-0.275,0.08,0
1414,-0.27,0.075,0
1415,-0.27,0.07,0
1416,-0.28,0.05,0
1417,-0.305,0.055,0
1418,-0.285,0.065,0
1419,-0.29,0.065,0
1420,-0.265,0.075,0
1421,-0.28,0.05,0
1422,-0.295,0.05,0
1423,-0.305,0.045,0
1424,-0.3,0.06,0
1425,-0.28,0.06,0
1426,-0.29,0.055,0
1427,-0.28,0.055,0
1428,-0.29,0.045,0
1429,-0.3,0.04,0
1430,-0.295,0.045,0
1431,-0.29,0.05,0
1432,-0.28,0.045,0
1433,-0.285,0.045,0
1434,-0.295,0.04,0
1435,-0.295,0.04,0
1436,-0.29,0.05,0
1437,-0.29,0.05,0
1438,-0.28,0.055,0
1439,-0.275,0.055,0
1440,-0.29,0.035,0
1441,-0.285,0.04,0
1442,-0.29,0.045,0
1443,-0.275,0.065,0
1444,-0.285,0.055,0
1445,-0.285,0.05,0
1446,-0.285,0.045,0
1447,-0.295,0.035,0
1448,-0.295,0.035,0
1449,-0.285,0.05,0
1450,-0.27,0.055,0
1451,-0.265,0.055,0
1452,-0.275,0.035,0
1453,-0.28,0.045,0
1454,-0.285,0.05,0
1455,-0.265,0.06,0
1456,-0.25,0.06,0
1457,-0.25,0.055,0
1458,-0.235,0.05,0
1459,-0.245,0.045,0
1460,-0.22,0.07,0
1461,-0.18,0.09,0
1462,-0.11,0.11,0
1463,0.095,0.125,0
1464,0.555,0.185,0
1465,0.955,0.49,0
1466,0.87,0.85,0
1467,0.525,0.85,0
1468,0.365,0.585,0
1469,0.43,0.435,0
1470,0.53,0.405,0
1471,0.62,0.415,0
1472,0.72,0.4,0
1473,0.875,0.4,0
1474,1.06,0.38,0
1475,1.24,0.38,0
1476,1.375,0.365,0
1477,1.425,0.325,1
1478,1.385,0.255,0
1479,1.21,0.145,0
1480,0.975,-0.005,0
1481,0.71,-0.14,0
1482,0.48,-0.27,0
1483,0.265,-0.35,0
1484,0.05,-0.375,0
1485,-0.145,-0.35,0
1486,-0.305,-0.325,0
1487,-0.395,-0.285,0
1488,-0.435,-0.23,0
1489,-0.45,-0.18,0
1490,-0.455,-0.13,0
1491,-0.44,-0.06,0
1492,-0.435,-0.02,0
1493,-0.42,-0.01,0
1494,-0.425,0.0,0
1495,-0.435,0.005,0
1496,-0.42,0.015,0
1497,-0.42,0.025,0
1498,-0.405,0.015,0
1499,-0.41,0.015,0
1500,-0.43,0.0,0
1501,-0.43,0.005,0
1502,-0.43,0.005,0
1503,-0.425,0.005,0
1504,-0.425,0.005,0
1505,-0.43,-0.005,0
1506,-0.45,-0.005,0
1507,-0.465,0.0,0
1508,-0.46,0.0,0
1509,-0.45,0.01,0
1510,-0.44,0.005,0
1511,-0.445,-0.01,0
1512,-0.455,-0.02,0
1513,-0.48,-0.01,0
1514,-0.465,-0.01,0
1515,-0.46,-0.005,0
1516,-0.46,-0.005,0
1517,-0.46,-0.025,0
1518,-0.48,-0.03,0
1519,-0.5,-0.035,0
1520,-0.5,-0.03,0
1521,-0.49,-0.015,0
1522,-0.505,-0.02,0
1523,-0.495,-0.025,0
1524,-0.5,-0.045,0
1525,-0.525,-0.04,0
1526,-0.505,-0.04,0
1527,-0.51,-0.03,0
1528,-0.51,-0.04,0
1529,-0.53,-0.04,0
1530,-0.535,-0.055,0
1531,-0.55,-0.065,0
1532,-0.545,-0.06,0
1533,-0.535,-0.05,0
1534,-0.545,-0.055,0
1535,-0.54,-0.065,0
1536,-0.55,-0.07,0
1537,-0.57,-0.075,0
1538,-0.565,-0.075,0
1539,-0.55,-0.055,0
1540,-0.545,-0.06,0
1541,-0.555,-0.08,0
1542,-0.58,-0.08,0
1543,-0.58,-0.08,0
1544,-0.59,-0.08,0
1545,-0.575,-0.07,0
1546,-0.575,-0.07,0
1547,-0.57,-0.085,0
1548,-0.585,-0.1,0
1549,-0.6,-0.09,0
1550,-0.58,-0.09,0
1551,-0.585,-0.08,0
1552,-0.58,-0.085,0
1553,-0.59,-0.095,0
1554,-0.59,-0.1,0
1555,-0.6,-0.1,0
1556,-0.585,-0.1,0
1557,-0.57,-0.08,0
1558,-0.565,-0.08,0
1559,-0.565,-0.09,0
1560,-0.57,-0.1,0
1561,-0.585,-0.09,0
1562,-0.565,-0.08,0
1563,-0.56,-0.065,0
1564,-0.545,-0.07,0
1565,-0.54,-0.075,0
1566,-0.555,-0.08,0
1567,-0.545,-0.07,0
1568,-0.535,-0.06,0
1569,-0.51,-0.05,0
1570,-0.495,-0.045,0
1571,-0.495,-0.05,0
1572,-0.49,-0.035,0
1573,-0.49,-0.045,0
1574,-0.465,-0.03,0
1575,-0.455,-0.005,0
1576,-0.44,0.0,0
1577,-0.445,-0.01,0
1578,-0.435,-0.005,0
1579,-0.425,0.01,0
1580,-0.395,0.03,0
1581,-0.39,0.035,0
1582,-0.375,0.045,0
1583,-0.36,0.045,0
1584,-0.345,0.045,0
1585,-0.345,0.05,0
1586,-0.33,0.075,0
1587,-0.31,0.085,0
1588,-0.3,0.085,0
1589,-0.29,0.08,0
1590,-0.295,0.075,0
1591,-0.3,0.09,0
1592,-0.28,0.09,0
1593,-0.27,0.11,0
1594,-0.265,0.11,0
1595,-0.265,0.115,0
1596,-0.265,0.105,0
1597,-0.26,0.11,0
1598,-0.265,0.11,0
1599,-0.26,0.12,0
